"","Var1","Var2","value"
"1","IL-27","C1QTNF1",0.492806925473344
"2","ADM","C1QTNF1",0.597801149130613
"3","GAS6","C1QTNF1",0.618473015771386
"4","PSGL-1","C1QTNF1",0.494448995814245
"5","PAR-1","C1QTNF1",0.739757326002664
"6","RAGE","C1QTNF1",0.425717291206435
"7","TGM2","C1QTNF1",-0.186504861112934
"8","CXCL11","C1QTNF1",0.530167355078837
"9","CCL20","C1QTNF1",0.516597369236492
"10","ADA","C1QTNF1",0.474677358507842
"11","MEGF9","C1QTNF1",0.672988387056754
"12","CNDP1","C1QTNF1",0.547626760648104
"13","SERPINA7","C1QTNF1",0.623042404943652
"14","NID1","C1QTNF1",0.602379887637549
"15","CA1","C1QTNF1",-0.228551323152594
"16","FCGR3B","C1QTNF1",0.4648795440536
"17","PTPRS","C1QTNF1",0.439697249298874
"18","CCL14","C1QTNF1",0.49827456171668
"19","CCL3","IL-27",0.530289704394841
"20","SPON2","IL-27",0.443260861457612
"21","PAR-1","IL-27",0.564179816410153
"22","MEGF9","IL-27",0.480978557867649
"23","SPARCL1","IL-27",0.458569399788936
"24","CA1","IL-27",-0.220529223432303
"25","VASN","ADM",0.553943069660462
"26","GAS6","ADM",0.459130056613795
"27","KIM1","ADM",-0.222706860614433
"28","FGF-21","ADM",0.457750957592011
"29","GH","ADM",-0.295923674284239
"30","PRSS8","ADM",0.590566405214597
"31","DCN","ADM",-0.234129432239597
"32","Dkk-1","ADM",-0.306989661007932
"33","SPON2","ADM",0.447524540323145
"34","PSGL-1","ADM",0.606095682309498
"35","HO-1","ADM",-0.292877435110729
"36","PRELP","ADM",-0.197179123691582
"37","PAR-1","ADM",0.903319736254808
"38","COL18A1","ADM",-0.237024585095363
"39","LPL","ADM",0.489536289201038
"40","CST5","ADM",-0.183239022606811
"41","CXCL5","ADM",0.499641142565247
"42","TNFRSF13B","ADM",-0.195420865764484
"43","Flt3L","ADM",-0.195637833897297
"44","CXCL1","ADM",-0.194923680687634
"45","TNF","ADM",-0.248961613034788
"46","TNFSF14","ADM",0.549299979708805
"47","CXCL11","ADM",0.800240590574487
"48","CCL20","ADM",0.592645941289139
"49","AXIN1","ADM",-0.320235570552637
"50","CTSL1","ADM",0.519550144142072
"51","ADA","ADM",0.439543979207188
"52","LAP TGF-beta-1","ADM",-0.225590160216584
"53","CD59","ADM",-0.193435148156357
"54","MEGF9","ADM",0.461912336983965
"55","CA3","ADM",0.545643531143979
"56","REG1A","ADM",-0.20718883983988
"57","ICAM3","ADM",-0.220970786023175
"58","CNDP1","ADM",0.879367190585654
"59","SERPINA7","ADM",0.924106649874313
"60","NID1","ADM",0.528940565724592
"61","SAA4","ADM",-0.201614332052158
"62","VCAM1","ADM",0.592942532806418
"63","CD46","ADM",-0.190169529742607
"64","GNLY","ADM",-0.24497834716992
"65","IGFBP6","ADM",-0.197248707330783
"66","FCGR3B","ADM",0.491298086182003
"67","PTPRS","ADM",0.816270903013226
"68","CCL14","ADM",0.842104714800181
"69","TNC","ADM",-0.229331138489097
"70","FGF-21","CCL3",0.556082259827497
"71","APOM","CCL3",0.427528359438372
"72","PSGL-1","CCL3",0.431759572554939
"73","PRELP","CCL3",0.448015565029029
"74","XCL1","CCL3",0.533226434218993
"75","C2","CCL3",0.527990183695202
"76","CXCL6","CCL3",-0.182510477840214
"77","CTSL1","CCL3",0.464155987396581
"78","NRP1","CCL3",-0.190311228557591
"79","MET","CCL3",-0.378840827264091
"80","TNC","CCL3",0.454257306028943
"81","PRSS27","STK4",0.450177694367053
"82","CXCL1","STK4",-0.241771573395664
"83","TIMD4","STK4",0.428654701129722
"84","LOX-1","CEACAM8",0.583368028715959
"85","Gal-9","CEACAM8",0.501252172391679
"86","TM","CEACAM8",0.526018709908456
"87","SRC","CEACAM8",0.515388552650023
"88","GH","CEACAM8",0.694301995544335
"89","IDUA","CEACAM8",0.650653434004303
"90","DCN","CEACAM8",0.427594631731182
"91","Dkk-1","CEACAM8",0.602745644864302
"92","ANGPT1","CEACAM8",0.539796356955703
"93","PTX3","CEACAM8",0.461718068951156
"94","APOM","CEACAM8",0.446841806585802
"95","HO-1","CEACAM8",0.662967568342614
"96","PRELP","CEACAM8",0.566294121164475
"97","XCL1","CEACAM8",0.540555281589137
"98","CD40-L","CEACAM8",-0.438214256654578
"99","ITGB1BP2","CEACAM8",0.465511800979715
"100","MMP7","CEACAM8",0.457729194368542
"101","SOD2","CEACAM8",-0.218212319879701
"102","C2","CEACAM8",0.49582976958569
"103","PIgR","CEACAM8",-0.260771822283035
"104","hOSCAR","CEACAM8",-0.33481541004256
"105","HB-EGF","CEACAM8",-0.326531759773249
"106","TRAIL","CEACAM8",-0.345448213691125
"107","CCL25","CEACAM8",-0.199845015059522
"108","OSM","CEACAM8",0.481512604362716
"109","VEGFA","CEACAM8",-0.290418517687698
"110","CXCL6","CEACAM8",-0.326049165624657
"111","IL8","CEACAM8",-0.267775766954923
"112","IL7","CEACAM8",0.451640323327281
"113","CXCL10","CEACAM8",0.430924877981342
"114","CX3CL1","CEACAM8",-0.435002901675017
"115","CSF-1","CEACAM8",-0.243090915801005
"116","CCL28","CEACAM8",-0.528976853895073
"117","CD5","CEACAM8",-0.258616949327959
"118","FGF-21","CEACAM8",-0.284343714599302
"119","NEMO","CEACAM8",0.543867524226471
"120","AXIN1","CEACAM8",0.550243831958011
"121","ADA","CEACAM8",-0.254498709048071
"122","IL-18R1","CEACAM8",-0.298662705218296
"123","ICAM3","CEACAM8",0.433303495415862
"124","NRP1","CEACAM8",-0.390463966253486
"125","ENG","CEACAM8",-0.338147735259076
"126","IGFBP6","CEACAM8",0.476211020572489
"127","SELL","CEACAM8",-0.48915181106658
"128","MET","CEACAM8",-0.539992637315046
"129","ICAM1","CEACAM8",-0.287840534296445
"130","CST3","CEACAM8",0.471584579001098
"131","BOC","LOX-1",0.444437324808022
"132","Gal-9","LOX-1",0.469758122348476
"133","TM","LOX-1",0.434134302210309
"134","ADAM-TS13","LOX-1",-0.203538707197699
"135","LILRB5","LOX-1",0.517713744788817
"136","PTX3","LOX-1",0.496208907711989
"137","APOM","LOX-1",0.580402318655509
"138","HO-1","LOX-1",0.482240740696093
"139","VSIG2","LOX-1",0.563889268162001
"140","CXCL1","LOX-1",0.430069387943036
"141","CD40-L","LOX-1",-0.395669254380841
"142","MMP7","LOX-1",0.480067274995583
"143","TNFRSF11A","LOX-1",-0.216757356158651
"144","PDGF subunit B","LOX-1",-0.244900041758145
"145","C2","LOX-1",0.427434575536343
"146","IGLC2","LOX-1",-0.318725872211013
"147","PGF","LOX-1",0.431902871628277
"148","hOSCAR","LOX-1",-0.206971069576621
"149","CCL25","LOX-1",-0.238074208468064
"150","IL8","LOX-1",-0.219871699658118
"151","IL7","LOX-1",0.470331226042883
"152","CX3CL1","LOX-1",-0.279310835238908
"153","CSF-1","LOX-1",-0.352661325147774
"154","CCL28","LOX-1",-0.35720928262882
"155","CCL23","LOX-1",0.482494512474728
"156","NEMO","LOX-1",0.499017663295776
"157","HSP 27","LOX-1",0.44086601152367
"158","IL-18R1","LOX-1",-0.197796672373958
"159","NRP1","LOX-1",-0.182898479102719
"160","SELL","LOX-1",-0.408332668270151
"161","MET","LOX-1",-0.192964580649165
"162","TIE1","LOX-1",0.505352748324223
"163","FCGR2A","LOX-1",0.431102226818321
"164","ICAM1","LOX-1",-0.332033743589084
"165","SRC","BOC",0.429623381701549
"166","ADAM-TS13","BOC",-0.256418986338041
"167","CD40-L","BOC",-0.350795420663084
"168","MMP7","BOC",0.544897418600211
"169","TNFRSF11A","BOC",-0.387844617950929
"170","PDGF subunit B","BOC",-0.237313044890813
"171","PIgR","BOC",-0.237529922762252
"172","IGLC2","BOC",-0.290331402248943
"173","TF","BOC",0.506702208107867
"174","GIF","BOC",0.446078849935369
"175","hOSCAR","BOC",-0.328361454473126
"176","CCL25","BOC",-0.206389238089568
"177","IL8","BOC",-0.236752322492052
"178","IL7","BOC",0.451121935871907
"179","CX3CL1","BOC",-0.202443854725504
"180","CSF-1","BOC",-0.306801056880524
"181","CCL28","BOC",-0.262724423160438
"182","CCL23","BOC",0.430960890295095
"183","NEMO","BOC",0.458577810807125
"184","HSP 27","BOC",0.478702051288424
"185","TGF-alpha","BOC",-0.225722424725412
"186","SELL","BOC",-0.343953560767215
"187","VEGFA","SORT1",0.461370350061414
"188","PD-L2","SORT1",-0.198672265913191
"189","FABP2","SORT1",-0.192280527546554
"190","MEGF9","SORT1",-0.204275433117967
"191","SERPINA5","SORT1",-0.23347308771996
"192","TIMD4","SORT1",0.509142261008918
"193","LILRB5","TRAIL-R2",0.44835430129231
"194","SOD2","TRAIL-R2",0.495087090037641
"195","GP1BA","TRAIL-R2",0.445567951097032
"196","TNC","TRAIL-R2",0.461664311529398
"197","SERPINA5","TRAIL-R2",-0.218258304062482
"198","FCGR2A","TRAIL-R2",0.4613002060362
"199","TIMD4","TRAIL-R2",0.499741604048862
"200","BMP-6","Gal-9",0.719937004826551
"201","TM","Gal-9",0.444881569576213
"202","SRC","Gal-9",0.433210412327124
"203","GH","Gal-9",0.448646935010949
"204","IDUA","Gal-9",0.559759313807736
"205","ADAM-TS13","Gal-9",-0.222606788917727
"206","APOM","Gal-9",0.573055557372669
"207","HO-1","Gal-9",0.656124108382031
"208","PRELP","Gal-9",0.426916669955607
"209","XCL1","Gal-9",0.510676914371925
"210","SERPINA12","Gal-9",0.437488158634809
"211","TNFRSF10A","Gal-9",0.610613584203234
"212","IgG Fc receptor II-b","Gal-9",0.453350023504053
"213","C2","Gal-9",0.509280408476838
"214","IGLC2","Gal-9",-0.214695850833599
"215","TRANCE","Gal-9",0.464491212914195
"216","CCL25","Gal-9",-0.291670117409591
"217","IL8","Gal-9",-0.206537606765158
"218","CSF-1","Gal-9",-0.330958056908588
"219","CCL28","Gal-9",-0.236187379170586
"220","NEMO","Gal-9",0.544468063282822
"221","CD8A","Gal-9",0.487735957862012
"222","PD-L1","Gal-9",0.933343310296684
"223","CD59","Gal-9",0.550272377456123
"224","NRP1","Gal-9",-0.226342891514508
"225","MET","Gal-9",-0.214481752808643
"226","COMP","Gal-9",0.470110793762988
"227","FCGR2A","Gal-9",0.490899190344787
"228","APOM","BMP-6",0.498507930571639
"229","HO-1","BMP-6",0.474990400289783
"230","IL18","BMP-6",-0.231479437736344
"231","CCL25","BMP-6",-0.30470491632939
"232","CCL28","BMP-6",-0.189141947240982
"233","FGF-21","BMP-6",-0.195681630517655
"234","PD-L1","BMP-6",0.839458147291034
"235","CD84","VASN",0.447733607963506
"236","PRSS8","VASN",0.499600044427781
"237","PSGL-1","VASN",0.562844636011339
"238","PAR-1","VASN",0.529805641677699
"239","CXCL5","VASN",0.433645811493659
"240","CXCL11","VASN",0.507807283249192
"241","CCL20","VASN",0.651528585131723
"242","CTSL1","VASN",0.47404772174211
"243","CA3","VASN",0.426545856994929
"244","CNDP1","VASN",0.544574747958397
"245","THBS4","VASN",0.46596773013044
"246","SERPINA7","VASN",0.553220154099287
"247","FCGR3B","VASN",0.494170594754801
"248","CCL14","VASN",0.519655083526398
"249","IL1RL2","GAS6",0.429257768284345
"250","FS","GAS6",0.473891105987038
"251","GLO1","GAS6",0.594768561133399
"252","CCL17","GAS6",0.47377232562726
"253","PAR-1","GAS6",0.491025585212891
"254","SERPINA12","GAS6",0.472787651729408
"255","IgG Fc receptor II-b","GAS6",0.490615019912689
"256","C2","GAS6",0.445935464318962
"257","IGLC2","GAS6",-0.384398062238395
"258","TF","GAS6",0.44643017199686
"259","RAGE","GAS6",0.582954882270345
"260","KIT","GAS6",0.495389609998685
"261","GT","GAS6",0.472647229301623
"262","GDF-2","GAS6",-0.26500892998476
"263","EN-RAGE","GAS6",0.551282447890013
"264","CST5","GAS6",-0.219700351422018
"265","TNFRSF9","GAS6",0.52089990886441
"266","VEGFA","GAS6",0.487891601105151
"267","CD244","GAS6",0.50015553274225
"268","CCL4","GAS6",-0.230226883841547
"269","4E-BP1","GAS6",0.447086084986101
"270","MCP-1","GAS6",0.457033269774417
"271","CSF-1","GAS6",-0.34682793555219
"272","TGM2","GAS6",-0.335961951917388
"273","SCF","GAS6",0.456027398993747
"274","VEGFD","GAS6",0.511813520767248
"275","uPA","GAS6",-0.208639307234309
"276","CD8A","GAS6",0.471690567509011
"277","PARP-1","GAS6",0.575218429149191
"278","HSP 27","GAS6",0.62276072552706
"279","CCL20","GAS6",0.438230645512852
"280","FGF-19","GAS6",0.509976402740838
"281","PRSS2","GAS6",0.524377434812003
"282","TIMP1","GAS6",0.44799979105543
"283","SERPINA7","GAS6",0.478972430010629
"284","NID1","GAS6",0.734623388993073
"285","GP1BA","GAS6",0.574107821895396
"286","CFHR5","GAS6",0.488833038626145
"287","CA1","GAS6",-0.205617506494947
"288","PCOLCE","GAS6",0.547636476159993
"289","TIE1","GAS6",0.531984784621066
"290","LYVE1","GAS6",0.625131150198212
"291","FCGR2A","GAS6",0.578921782206578
"292","TIMD4","GAS6",0.532294310724587
"293","CD84","IL1RL2",0.527895302764014
"294","GLO1","IL1RL2",0.488860788994679
"295","ITGB1BP2","IL1RL2",0.439753940176997
"296","IgG Fc receptor II-b","IL1RL2",0.683631492879302
"297","RAGE","IL1RL2",0.491897179803625
"298","MMP12","IL1RL2",0.593537657724208
"299","TNFRSF9","IL1RL2",0.478439121889912
"300","CCL11","IL1RL2",0.441431039746553
"301","NRP1","IL1RL2",-0.212983116234622
"302","ANGPTL3","IL1RL2",-0.216768141453762
"303","CA1","IL1RL2",-0.241743633704261
"304","IGFBP3","IL1RL2",0.439028543940591
"305","LILRB5","CD84",-0.222679016721432
"306","CCL18","CD84",-0.191358826096363
"307","MCP-1","CD84",-0.182659928398749
"308","AGRP","CD84",-0.192462753893074
"309","ANGPTL3","CD84",-0.238572657057717
"310","ADAM-TS13","MERTK",-0.187294690109553
"311","AMBP","MERTK",-0.313425795497451
"312","OSMR","MERTK",-0.318595247456396
"313","TIE2","MERTK",-0.248968426588192
"314","TNFRSF11A","MERTK",-0.198042569438982
"315","IGLC2","MERTK",-0.218055007967542
"316","CST5","MERTK",-0.247658469903626
"317","OSM","MERTK",-0.188066414951638
"318","TNFB","MERTK",-0.235124314036839
"319","TGM2","MERTK",-0.288945129345368
"320","CXCL9","MERTK",-0.22547902038939
"321","VEGFD","MERTK",0.439651968524707
"322","TGF-alpha","MERTK",-0.187781689164669
"323","PAM","MERTK",-0.224935980771918
"324","CFHR5","MERTK",0.496569676649632
"325","TNC","MERTK",-0.216155600748708
"326","IDUA","TM",0.530371696665906
"327","GLO1","TM",0.431597710757924
"328","PTX3","TM",0.483169387168505
"329","THBS2","TM",0.537936667038326
"330","HO-1","TM",0.43998118967712
"331","XCL1","TM",0.474628826791648
"332","CD40-L","TM",-0.327542894984416
"333","AOC3","TM",0.592551221778729
"334","C2","TM",0.443961364453823
"335","IGLC2","TM",-0.423111360612958
"336","hOSCAR","TM",-0.404798724645337
"337","TRAIL","TM",-0.235084840364995
"338","IL-10RB","TM",0.446353073501825
"339","IFN-gamma","TM",0.427595890905831
"340","OSM","TM",0.618618626624015
"341","IL8","TM",-0.271751688197219
"342","CXCL10","TM",0.515263966471891
"343","CSF-1","TM",-0.311809610245032
"344","PD-L2","TM",0.543583621217446
"345","CXCL9","TM",0.558065999701484
"346","SCF","TM",0.516629222609101
"347","NEMO","TM",0.623058564742771
"348","HSP 27","TM",0.518648647438284
"349","AXIN1","TM",0.526008075944473
"350","CD59","TM",0.445034449073327
"351","IL7R","TM",0.476597552303134
"352","CDH1","TM",0.512177034644098
"353","NOTCH1","TM",0.450688210625765
"354","SELL","TM",-0.34888400454308
"355","TIE1","TM",0.490538691900383
"356","FCGR2A","TM",0.529443887710244
"357","CST3","TM",0.470196792469389
"358","IDUA","SRC",0.432288552718754
"359","OSMR","SRC",0.428120336956098
"360","ANGPT1","SRC",0.480389162570099
"361","HO-1","SRC",0.456813924391915
"362","AOC3","SRC",0.441275699720168
"363","C2","SRC",0.612924354862536
"364","PIgR","SRC",-0.280824676595641
"365","IGLC2","SRC",-0.245408651728843
"366","CXCL6","SRC",-0.204371629995019
"367","IL7","SRC",0.512066879354549
"368","CX3CL1","SRC",-0.191642304120166
"369","CSF-1","SRC",-0.307719374880873
"370","CCL28","SRC",-0.269426187428729
"371","NEMO","SRC",0.470369390740559
"372","CD8A","SRC",0.493469151131943
"373","GP1BA","SRC",0.46705862824209
"374","MET","SRC",-0.307376282396184
"375","COMP","SRC",0.534921442701604
"376","GLO1","FS",0.43687629294204
"377","IGLC2","FS",-0.208564935555583
"378","EN-RAGE","FS",0.429218133139954
"379","CXCL1","FS",-0.242623855822481
"380","TGM2","FS",-0.195973401898921
"381","uPA","FS",-0.219289382891505
"382","GP1BA","FS",0.47458137008659
"383","LYVE1","FS",0.432825378286793
"384","FCGR2A","FS",0.464707011374355
"385","TRAIL","KIM1",-0.183608083488286
"386","MMP-10","KIM1",-0.342641376457887
"387","CCL25","KIM1",-0.254041401572798
"388","MCP-4","KIM1",-0.203924704224538
"389","TGM2","KIM1",-0.193014860452571
"390","TNF","KIM1",0.576401563884755
"391","CD8A","KIM1",0.441267775414537
"392","AGRP","KIM1",-0.277967701336169
"393","CXCL11","KIM1",-0.216831988268393
"394","CD59","KIM1",0.450933169808339
"395","CNDP1","KIM1",-0.251562947591854
"396","SERPINA7","KIM1",-0.186575735773766
"397","PCOLCE","KIM1",0.468299664917947
"398","SCF","FGF-21",0.524774769318405
"399","PRSS8","FGF-21",0.714982127319355
"400","IL16","FGF-21",0.766241090336193
"401","SPON2","FGF-21",0.632907115610301
"402","PSGL-1","FGF-21",0.666280014203689
"403","TIE2","FGF-21",0.43813778199384
"404","PAR-1","FGF-21",0.521221814754004
"405","C2","FGF-21",0.488178541647674
"406","LPL","FGF-21",0.601574656437281
"407","CXCL6","FGF-21",-0.237901844294365
"408","CD5","FGF-21",-0.230558259477878
"409","TNFSF14","FGF-21",0.493359010132236
"410","AGRP","FGF-21",0.428708480849608
"411","CTSL1","FGF-21",0.955087496315663
"412","CA3","FGF-21",0.541947415503983
"413","CNDP1","FGF-21",0.444095935037437
"414","SERPINA7","FGF-21",0.462508264496624
"415","VCAM1","FGF-21",0.5214919131955
"416","MET","FGF-21",-0.304581025858941
"417","FCGR3B","FGF-21",0.439800066333868
"418","PTPRS","FGF-21",0.461553620213743
"419","CCL14","FGF-21",0.443212589893044
"420","PRSS8","GH",-0.293171191355671
"421","IDUA","GH",0.755694140139849
"422","DCN","GH",0.512987515644227
"423","Dkk-1","GH",0.791739796239715
"424","GLO1","GH",-0.195472124666741
"425","THBS2","GH",0.53809232123428
"426","HO-1","GH",0.721377772012259
"427","PRELP","GH",0.707847806472855
"428","CCL17","GH",-0.289861054521912
"429","XCL1","GH",0.527085339840208
"430","CD40-L","GH",-0.192704655582891
"431","ITGB1BP2","GH",0.482849342441173
"432","hOSCAR","GH",-0.28701344706431
"433","HB-EGF","GH",-0.405305994905086
"434","TRAIL","GH",-0.285779216353024
"435","MMP-10","GH",-0.186419272938157
"436","CCL25","GH",-0.297700369676151
"437","VEGFA","GH",-0.221373017671898
"438","CXCL6","GH",-0.280071626328136
"439","4E-BP1","GH",-0.342002687403964
"440","TNFRSF13B","GH",0.430050555532163
"441","CX3CL1","GH",-0.354672874480152
"442","CXCL1","GH",0.466167186685148
"443","CCL28","GH",-0.480800449568592
"444","CD5","GH",-0.203364777582628
"445","FGF-21","GH",-0.416846582526898
"446","VEGFD","GH",-0.211106121958857
"447","FABP2","GH",-0.321165825501231
"448","uPA","GH",0.436588312169941
"449","TNFSF14","GH",-0.243104939555182
"450","CXCL11","GH",-0.348540267815081
"451","CCL20","GH",-0.236300275548122
"452","FGF-19","GH",-0.186043230036552
"453","TGF-alpha","GH",-0.270624838246201
"454","AXIN1","GH",0.593968089709965
"455","ADA","GH",-0.312669051970269
"456","IL-18R1","GH",-0.282610426853007
"457","LAP TGF-beta-1","GH",0.469531769877157
"458","CD59","GH",0.626101912359467
"459","PRSS2","GH",-0.321542422307781
"460","ICAM3","GH",0.562097803874055
"461","CDH1","GH",0.499848268609559
"462","CNDP1","GH",-0.236609654554825
"463","NRP1","GH",-0.291959717342174
"464","ENG","GH",-0.333148929470511
"465","SERPINA7","GH",-0.297815576271756
"466","NID1","GH",-0.223793048601487
"467","CR2","GH",-0.237098378000133
"468","IGFBP6","GH",0.633715826053768
"469","SELL","GH",-0.251745997883502
"470","MET","GH",-0.515479549680704
"471","FCGR3B","GH",-0.224007850108564
"472","CCL14","GH",-0.279832810410356
"473","PCOLCE","GH",-0.19074136652474
"474","ICAM1","GH",-0.202464514328923
"475","PRSS8","SCF",0.512947639290182
"476","SPON2","SCF",0.582866857004577
"477","PSGL-1","SCF",0.503532774746005
"478","TIE2","SCF",0.557856408785093
"479","C2","SCF",0.441327435220859
"480","LPL","SCF",0.6287429283053
"481","hOSCAR","SCF",-0.183423371777725
"482","HB-EGF","SCF",-0.187465621509561
"483","CXCL6","SCF",-0.217550370458174
"484","CD5","SCF",-0.205353372441362
"485","VEGFD","SCF",-0.254327678175871
"486","uPA","SCF",0.440123865568078
"487","TNFSF14","SCF",0.51352796835245
"488","CTSL1","SCF",0.510965438546978
"489","CCL19","SCF",-0.222987390266631
"490","CA3","SCF",0.494525353344883
"491","VCAM1","SCF",0.543751532903875
"492","CD46","SCF",-0.260008319736047
"493","MET","SCF",-0.325948776073122
"494","IL16","PRSS8",0.688274708834201
"495","IDUA","PRSS8",-0.190682697455487
"496","DCN","PRSS8",-0.224968640154912
"497","Dkk-1","PRSS8",-0.226576506312094
"498","SPON2","PRSS8",0.632189978058073
"499","PSGL-1","PRSS8",0.685730076034244
"500","PAR-1","PRSS8",0.547104751634454
"501","LPL","PRSS8",0.70079406388274
"502","STAMBP","PRSS8",-0.190888761386762
"503","MCP-1","PRSS8",-0.231110023196767
"504","TNFSF14","PRSS8",0.771362616639365
"505","OPG","PRSS8",0.468908741991441
"506","AGRP","PRSS8",0.493505715713129
"507","CXCL11","PRSS8",0.672159696702893
"508","CCL20","PRSS8",0.435554302421219
"509","AXIN1","PRSS8",-0.246058829117132
"510","CTSL1","PRSS8",0.781914866488725
"511","ADA","PRSS8",0.516135252808613
"512","LAP TGF-beta-1","PRSS8",-0.211046653976911
"513","CA3","PRSS8",0.71122393264681
"514","ICAM3","PRSS8",-0.233646691012223
"515","CNDP1","PRSS8",0.52146779494068
"516","SERPINA7","PRSS8",0.587609330890154
"517","VCAM1","PRSS8",0.695091382559018
"518","FCGR3B","PRSS8",0.540992675664103
"519","PTPRS","PRSS8",0.476210879019119
"520","CCL14","PRSS8",0.564847122416918
"521","SPON2","IL16",0.593755395585624
"522","APOM","IL16",0.452057675051676
"523","PSGL-1","IL16",0.619333832742426
"524","PRSS27","IL16",0.479629847260008
"525","PAR-1","IL16",0.429776721224351
"526","LPL","IL16",0.560994886345441
"527","TNFSF14","IL16",0.536678329300365
"528","OPG","IL16",0.428004131413758
"529","CTSL1","IL16",0.776744882633611
"530","ADA","IL16",0.453204914308413
"531","CA3","IL16",0.599973998941744
"532","VCAM1","IL16",0.460699412680892
"533","FCGR3B","IL16",0.536572371427362
"534","Dkk-1","IDUA",0.672871990755068
"535","ANGPT1","IDUA",0.471265434716959
"536","THBS2","IDUA",0.48305885659612
"537","HO-1","IDUA",0.608752701937516
"538","PRELP","IDUA",0.569498186709764
"539","XCL1","IDUA",0.629939202657309
"540","TNFRSF10A","IDUA",0.554275746491207
"541","ITGB1BP2","IDUA",0.474121604005358
"542","IgG Fc receptor II-b","IDUA",0.536074449707087
"543","C2","IDUA",0.454118359963633
"544","IGLC2","IDUA",-0.222150310408227
"545","TRANCE","IDUA",0.477234681327048
"546","HB-EGF","IDUA",-0.203368275149186
"547","TRAIL","IDUA",-0.206172125345309
"548","CCL25","IDUA",-0.234116045584992
"549","CXCL6","IDUA",-0.223354046173374
"550","CX3CL1","IDUA",-0.270023823572414
"551","CSF-1","IDUA",-0.184129298136935
"552","CCL28","IDUA",-0.344369589402812
"553","FGF-21","IDUA",-0.244286640674256
"554","NEMO","IDUA",0.490860611621418
"555","FABP2","IDUA",-0.266052136897855
"556","TNFSF14","IDUA",-0.186737891348377
"557","PD-L1","IDUA",0.475174879162252
"558","CXCL11","IDUA",-0.203988980015972
"559","TGF-alpha","IDUA",-0.247991100612116
"560","AXIN1","IDUA",0.524585102266954
"561","CD59","IDUA",0.620622548470084
"562","IL7R","IDUA",0.474575226075346
"563","ICAM3","IDUA",0.470063301489591
"564","CDH1","IDUA",0.452723639238429
"565","NRP1","IDUA",-0.242603671205602
"566","IGFBP6","IDUA",0.543556270631108
"567","MET","IDUA",-0.451402193830373
"568","SERPINA5","IDUA",-0.184328526066294
"569","IGFBP3","IDUA",0.475747046525863
"570","FCGR2A","IDUA",0.437763343421173
"571","CST3","IDUA",0.482020751328364
"572","LILRB5","ADAM-TS13",-0.220885373339907
"573","THBS2","ADAM-TS13",-0.204653712329599
"574","SERPINA12","ADAM-TS13",-0.213622413968979
"575","TF","ADAM-TS13",-0.247398692174513
"576","MARCO","ADAM-TS13",-0.218361444846426
"577","CST5","ADAM-TS13",0.428660844409776
"578","CD244","ADAM-TS13",-0.298639179588726
"579","CCL4","ADAM-TS13",0.516810894789205
"580","4E-BP1","ADAM-TS13",-0.233760907860021
"581","CCL23","ADAM-TS13",-0.184539815562162
"582","NEMO","ADAM-TS13",-0.237148885742813
"583","VEGFD","ADAM-TS13",-0.368816902959364
"584","CD8A","ADAM-TS13",-0.25822519087716
"585","PARP-1","ADAM-TS13",-0.193931128580309
"586","PD-L1","ADAM-TS13",-0.20994368435009
"587","PROC","ADAM-TS13",-0.228961074835816
"588","CDH1","ADAM-TS13",-0.235117732992216
"589","DPP4","ADAM-TS13",-0.262792947834345
"590","CFHR5","ADAM-TS13",-0.30040517993058
"591","GNLY","ADAM-TS13",-0.218592692449037
"592","ANGPTL3","ADAM-TS13",-0.233667234658617
"593","COMP","ADAM-TS13",-0.263164273361754
"594","PCOLCE","ADAM-TS13",-0.18571821265109
"595","TIE1","ADAM-TS13",-0.243479922871317
"596","IGFBP3","ADAM-TS13",-0.189371064996761
"597","FCGR2A","ADAM-TS13",-0.32115338931596
"598","CST3","ADAM-TS13",-0.231734416043661
"599","CD40-L","AMBP",-0.25619948085704
"600","hOSCAR","AMBP",-0.244380716340179
"601","TRAIL","AMBP",-0.294856840199159
"602","CCL25","AMBP",-0.218285543926634
"603","IL18","AMBP",-0.235269542339994
"604","CASP-8","AMBP",-0.328120153561867
"605","IL-18R1","AMBP",-0.40240097305912
"606","NRP1","AMBP",-0.290597691814015
"607","CR2","AMBP",-0.296916877011978
"608","SELL","AMBP",-0.276949300947274
"609","ICAM1","AMBP",-0.255375677500903
"610","TWEAK","CTRC",-0.193688859069355
"611","CCL3","CTRC",-0.222758057818907
"612","QPCT","CTRC",-0.278328919394219
"613","Dkk-1","DCN",0.443315910158185
"614","HO-1","DCN",0.516895425147412
"615","PRELP","DCN",0.457097363379536
"616","hOSCAR","DCN",-0.212266508236933
"617","TRAIL","DCN",-0.253722378709873
"618","CCL25","DCN",-0.373026085939049
"619","CXCL6","DCN",-0.199100442251386
"620","IL18","DCN",-0.201687262973684
"621","CX3CL1","DCN",-0.306177912557729
"622","CCL28","DCN",-0.373960536943625
"623","CXCL11","DCN",-0.194937300467241
"624","TGF-alpha","DCN",-0.210452294388394
"625","AXIN1","DCN",0.427246798154173
"626","ADA","DCN",-0.211790106623938
"627","IL-18R1","DCN",-0.193242687189536
"628","LAP TGF-beta-1","DCN",0.986576055141036
"629","F11","DCN",-0.197980446972973
"630","NRP1","DCN",-0.205838128738513
"631","MET","DCN",-0.446495965498576
"632","ICAM1","DCN",-0.261271727126848
"633","ANGPT1","OSMR",0.540380925229082
"634","ITGB1BP2","OSMR",0.473862338661982
"635","hOSCAR","OSMR",-0.200927824819607
"636","EN-RAGE","OSMR",-0.253950417164288
"637","CXCL6","OSMR",-0.194059572887032
"638","CX3CL1","OSMR",-0.26085967706872
"639","CD5","OSMR",-0.417413128551066
"640","ACE2","OSMR",-0.226383878213382
"641","VEGFD","OSMR",-0.373116965978502
"642","PARP-1","OSMR",-0.201160785730266
"643","FGF-19","OSMR",-0.246118383609133
"644","ADA","OSMR",-0.212883211857332
"645","ANG","OSMR",-0.19181051456662
"646","CFHR5","OSMR",-0.214736811926423
"647","GNLY","OSMR",-0.3212644591591
"648","MET","OSMR",-0.289796504449998
"649","PCOLCE","OSMR",-0.2225982557226
"650","VSIG2","LILRB5",0.58584281842458
"651","CD40-L","LILRB5",-0.201575880490172
"652","TNFRSF11A","LILRB5",-0.277270388277519
"653","PDGF subunit B","LILRB5",-0.203270889459627
"654","SOD2","LILRB5",0.485951948661356
"655","IGLC2","LILRB5",-0.354970060987018
"656","CCL25","LILRB5",-0.349321169645244
"657","CCL4","LILRB5",-0.245874288295973
"658","CX3CL1","LILRB5",-0.278994888580409
"659","CSF-1","LILRB5",-0.306081357011592
"660","TGM2","LILRB5",-0.193683310647635
"661","FGF-21","LILRB5",-0.183069483580397
"662","uPA","LILRB5",-0.193207003597689
"663","CD8A","LILRB5",0.513350722220392
"664","CCL19","LILRB5",0.527529004285131
"665","TCN2","LILRB5",-0.218730226631228
"666","ANGPTL3","LILRB5",0.455382397677864
"667","SELL","LILRB5",-0.216468293401295
"668","TIE1","LILRB5",0.506771743026267
"669","FCGR2A","LILRB5",0.562721718844586
"670","ICAM1","LILRB5",-0.203589633306286
"671","GLO1","Dkk-1",-0.19655378840585
"672","THBS2","Dkk-1",0.457805842563304
"673","HO-1","Dkk-1",0.649952890849337
"674","PRELP","Dkk-1",0.701060886917754
"675","CCL17","Dkk-1",-0.191709789170405
"676","PAR-1","Dkk-1",-0.215781614570249
"677","TNFRSF10A","Dkk-1",0.452555955334097
"678","ITGB1BP2","Dkk-1",0.567713703023154
"679","HB-EGF","Dkk-1",-0.287008563282849
"680","TRAIL","Dkk-1",-0.283985558667457
"681","MMP-10","Dkk-1",-0.29346705876357
"682","CXCL5","Dkk-1",-0.22665620400808
"683","VEGFA","Dkk-1",-0.234169065079869
"684","CXCL6","Dkk-1",-0.279615398466749
"685","4E-BP1","Dkk-1",-0.324774648829424
"686","IL18","Dkk-1",-0.226019068213318
"687","CX3CL1","Dkk-1",-0.250298845673612
"688","CXCL1","Dkk-1",0.426231217157625
"689","CCL28","Dkk-1",-0.433731419090745
"690","CD5","Dkk-1",-0.199339198975
"691","FGF-21","Dkk-1",-0.185409488985618
"692","VEGFD","Dkk-1",-0.307068527646168
"693","FABP2","Dkk-1",-0.258863319509431
"694","TNFSF14","Dkk-1",-0.198578386921887
"695","CXCL11","Dkk-1",-0.304261119356705
"696","CCL20","Dkk-1",-0.250192535400736
"697","AXIN1","Dkk-1",0.490560357833818
"698","ADA","Dkk-1",-0.307539619238315
"699","CD59","Dkk-1",0.464723076739261
"700","ICAM3","Dkk-1",0.48813109701743
"701","CDH1","Dkk-1",0.428275669557066
"702","CNDP1","Dkk-1",-0.262244865870425
"703","NRP1","Dkk-1",-0.377892136966165
"704","ENG","Dkk-1",-0.342933218110862
"705","SERPINA7","Dkk-1",-0.27261151139703
"706","CFHR5","Dkk-1",-0.196719243116099
"707","IGFBP6","Dkk-1",0.570012319394425
"708","MET","Dkk-1",-0.407419813274488
"709","FCGR3B","Dkk-1",-0.217368189612702
"710","PTPRS","Dkk-1",-0.194582495026351
"711","CCL14","Dkk-1",-0.228196744212
"712","PRELP","GLO1",-0.358032662821615
"713","IgG Fc receptor II-b","GLO1",0.473577784110047
"714","IGLC2","GLO1",-0.468678107327576
"715","TF","GLO1",0.438616129090958
"716","RAGE","GLO1",0.592906882203995
"717","KIT","GLO1",0.443706083084734
"718","GT","GLO1",0.600591946262938
"719","GDF-2","GLO1",-0.298301739186543
"720","HB-EGF","GLO1",0.463644218823633
"721","EN-RAGE","GLO1",0.513751256037592
"722","CST5","GLO1",-0.279117264915985
"723","TNFRSF9","GLO1",0.614388301837108
"724","IL-10RB","GLO1",0.539583633412792
"725","VEGFA","GLO1",0.475420014154818
"726","CD244","GLO1",0.557236568287859
"727","CCL4","GLO1",-0.211610082273423
"728","4E-BP1","GLO1",0.664624466082376
"729","CSF-1","GLO1",-0.271318206043561
"730","CXCL1","GLO1",-0.193158602216022
"731","CD5","GLO1",0.441060290672682
"732","SCF","GLO1",0.580443605020306
"733","VEGFD","GLO1",0.505705214496253
"734","uPA","GLO1",-0.186682949144872
"735","CD8A","GLO1",0.459144294744292
"736","HSP 27","GLO1",0.44685094264746
"737","PLXNB2","GLO1",0.457329458424436
"738","TIMP1","GLO1",0.522289281512887
"739","NID1","GLO1",0.544898359449797
"740","GP1BA","GLO1",0.578399971943744
"741","CFHR5","GLO1",0.463157847954964
"742","IGFBP6","GLO1",-0.195844007846969
"743","COMP","GLO1",0.441673331721709
"744","PCOLCE","GLO1",0.594305153691518
"745","TIE1","GLO1",0.498403865156936
"746","LYVE1","GLO1",0.669753980415596
"747","FCGR2A","GLO1",0.546163939743623
"748","TIMD4","GLO1",0.498324582038215
"749","ITGB1BP2","ANGPT1",0.573645432106691
"750","SOD2","ANGPT1",-0.274012758121807
"751","C2","ANGPT1",0.457410748747695
"752","MMP12","ANGPT1",0.477352562690483
"753","CXCL6","ANGPT1",-0.394433988903111
"754","4E-BP1","ANGPT1",-0.210997469716554
"755","CX3CL1","ANGPT1",-0.257846284869866
"756","CD5","ANGPT1",-0.348485630058213
"757","FGF-19","ANGPT1",-0.235603855623187
"758","ADA","ANGPT1",-0.276032787078175
"759","LILRB1","ANGPT1",-0.199959074658164
"760","ENG","ANGPT1",-0.294824843141557
"761","CD46","ANGPT1",-0.224065734841334
"762","SELL","ANGPT1",-0.190561723592798
"763","MET","ANGPT1",-0.465087405753642
"764","PCOLCE","ANGPT1",-0.198013349812045
"765","IGFBP3","ANGPT1",0.459813157414472
"766","CST3","ANGPT1",0.510584402731766
"767","VSIG2","PTX3",0.433424219120765
"768","CD40-L","PTX3",-0.470569414427264
"769","AOC3","PTX3",0.500095678418585
"770","PIgR","PTX3",-0.212351861201571
"771","IGLC2","PTX3",-0.227170745845726
"772","hOSCAR","PTX3",-0.250296304305751
"773","OSM","PTX3",0.495389869381084
"774","IL8","PTX3",-0.241951504618638
"775","CSF-1","PTX3",-0.259824855255289
"776","NOTCH1","PTX3",0.504785853114178
"777","SELL","PTX3",-0.474129015445019
"778","SERPINA5","PTX3",0.433792457069216
"779","ICAM1","PTX3",-0.261681709752674
"780","CD40-L","THBS2",-0.267062399255818
"781","IGLC2","THBS2",-0.216349779743509
"782","HB-EGF","THBS2",-0.199678495466316
"783","TRAIL","THBS2",-0.290906941702515
"784","CCL25","THBS2",-0.23155971895736
"785","VEGFA","THBS2",-0.222791604289167
"786","HAOX1","THBS2",0.46117331011558
"787","HGF","THBS2",0.501755170926263
"788","IL18","THBS2",-0.235642167882669
"789","CSF-1","THBS2",-0.272832231640962
"790","CXCL1","THBS2",0.455798877106264
"791","CCL28","THBS2",-0.239969930829416
"792","TNF","THBS2",0.488820808848542
"793","TGF-alpha","THBS2",-0.192103463433595
"794","AXIN1","THBS2",0.479036023713899
"795","CD59","THBS2",0.427989077013427
"796","IL7R","THBS2",0.432869399695417
"797","F11","THBS2",-0.260394352190712
"798","ICAM3","THBS2",0.48951744851682
"799","CDH1","THBS2",0.978988226716606
"800","NRP1","THBS2",-0.341593829407792
"801","ENG","THBS2",-0.327748125088396
"802","THBS4","THBS2",0.452354769038266
"803","SELL","THBS2",-0.269025392348554
"804","MET","THBS2",-0.203855060589149
"805","ICAM1","THBS2",-0.242560690095553
"806","PSGL-1","SPON2",0.623925611228553
"807","TIE2","SPON2",0.427524164455336
"808","PAR-1","SPON2",0.48130580970409
"809","C2","SPON2",0.458651566332618
"810","LPL","SPON2",0.673304482950105
"811","CCL3","SPON2",-0.193645155062575
"812","TNFSF14","SPON2",0.67459590883918
"813","CXCL11","SPON2",0.525626229131485
"814","CTSL1","SPON2",0.646297888520161
"815","ADA","SPON2",0.57665324016153
"816","CA3","SPON2",0.724008130039531
"817","SERPINA7","SPON2",0.449094143107184
"818","VCAM1","SPON2",0.651992516989953
"819","MET","SPON2",-0.211385910520071
"820","FCGR3B","SPON2",0.491504276638986
"821","HO-1","APOM",0.532239007966123
"822","VSIG2","APOM",0.43742809972188
"823","CXCL1","APOM",0.432968758571433
"824","C2","APOM",0.432497265652826
"825","IGLC2","APOM",-0.192999029590492
"826","TRAIL","APOM",-0.216507050922486
"827","CCL25","APOM",-0.226803506722636
"828","IL7","APOM",0.434953647854975
"829","CSF-1","APOM",-0.233131589178635
"830","CCL28","APOM",-0.248387898377299
"831","NEMO","APOM",0.507180497982111
"832","PD-L1","APOM",0.546200998155774
"833","IL-18R1","APOM",-0.233510509154812
"834","NRP1","APOM",-0.254523586166709
"835","GNLY","APOM",0.450199350196057
"836","PRSS27","PSGL-1",0.437411652032116
"837","TIE2","PSGL-1",0.451444358757047
"838","PAR-1","PSGL-1",0.625840898918351
"839","C2","PSGL-1",0.611561478852879
"840","LPL","PSGL-1",0.633217313486731
"841","CXCL5","PSGL-1",0.566108654766185
"842","TNFSF14","PSGL-1",0.62067964767189
"843","OPG","PSGL-1",0.589055286044465
"844","CXCL11","PSGL-1",0.59732798391942
"845","CCL20","PSGL-1",0.630523812584131
"846","CTSL1","PSGL-1",0.65979965407523
"847","ADA","PSGL-1",0.467185503008941
"848","MEGF9","PSGL-1",0.460780766573349
"849","CA3","PSGL-1",0.736716600317468
"850","CNDP1","PSGL-1",0.517391880948241
"851","SERPINA7","PSGL-1",0.574859666657702
"852","VCAM1","PSGL-1",0.654461502994599
"853","TCN2","PSGL-1",0.435245785035914
"854","MET","PSGL-1",-0.201561703379672
"855","FCGR3B","PSGL-1",0.602012672979531
"856","PTPRS","PSGL-1",0.523217896487752
"857","CCL14","PSGL-1",0.513354818827161
"858","ITGB1BP2","IL-1ra",-0.185453263627847
"859","TNFRSF11A","IL-1ra",-0.222051386586536
"860","IGLC2","IL-1ra",-0.285932517773418
"861","TRANCE","IL-1ra",-0.222099558929138
"862","IFN-gamma","IL-1ra",0.454587152190559
"863","4E-BP1","IL-1ra",0.425026446585835
"864","TGM2","IL-1ra",-0.303414409814894
"865","SCF","IL-1ra",0.449206882509226
"866","AGRP","IL-1ra",-0.18520090965242
"867","HSP 27","IL-1ra",0.492562435352388
"868","SERPINA5","IL-1ra",0.426472116525017
"869","PRELP","HO-1",0.737753009343759
"870","PRSS27","HO-1",0.440959657013276
"871","XCL1","HO-1",0.493404553529197
"872","TNFRSF10A","HO-1",0.488069477006203
"873","ITGB1BP2","HO-1",0.450351322636035
"874","C2","HO-1",0.49134243516594
"875","hOSCAR","HO-1",-0.231058319410311
"876","HB-EGF","HO-1",-0.190143974996699
"877","TRAIL","HO-1",-0.31438242819934
"878","MMP-10","HO-1",-0.217123157823161
"879","CCL25","HO-1",-0.2839932990628
"880","CXCL6","HO-1",-0.198733350978431
"881","IL7","HO-1",0.483652709991163
"882","CX3CL1","HO-1",-0.335968797514058
"883","CSF-1","HO-1",-0.265067606863189
"884","CCL28","HO-1",-0.457331536215467
"885","NEMO","HO-1",0.492254769365103
"886","CASP-8","HO-1",-0.188282576930002
"887","PD-L1","HO-1",0.584152270260164
"888","CXCL11","HO-1",-0.264548635868488
"889","CCL20","HO-1",-0.235696811718406
"890","TGF-alpha","HO-1",-0.221545618982405
"891","AXIN1","HO-1",0.565282106898856
"892","IL-18R1","HO-1",-0.286685588763744
"893","LAP TGF-beta-1","HO-1",0.478443872824412
"894","CD59","HO-1",0.567314861748611
"895","PRSS2","HO-1",-0.228842277890212
"896","ICAM3","HO-1",0.444920052265888
"897","CNDP1","HO-1",-0.256043430128418
"898","NRP1","HO-1",-0.360802950915152
"899","ENG","HO-1",-0.255740667075372
"900","SERPINA7","HO-1",-0.285032824013092
"901","IGFBP6","HO-1",0.565247600367995
"902","SELL","HO-1",-0.216160133969741
"903","MET","HO-1",-0.408692482837622
"904","CCL14","HO-1",-0.251763515273799
"905","TNC","HO-1",0.459044206908271
"906","CCL17","PRELP",-0.205682419982494
"907","ITGB1BP2","PRELP",0.521310274486159
"908","HB-EGF","PRELP",-0.367406485745625
"909","TRAIL","PRELP",-0.271646275825457
"910","MMP-10","PRELP",-0.256733532901223
"911","CCL25","PRELP",-0.196821298976026
"912","CXCL6","PRELP",-0.258766740985731
"913","4E-BP1","PRELP",-0.410274073288356
"914","IL7","PRELP",0.452255541362622
"915","CX3CL1","PRELP",-0.342850961396361
"916","CCL28","PRELP",-0.366965332552601
"917","CD5","PRELP",-0.264737133339385
"918","FGF-21","PRELP",-0.307141193441168
"919","SCF","PRELP",-0.2605844091398
"920","VEGFD","PRELP",-0.301248915807131
"921","FABP2","PRELP",-0.34623744079324
"922","CXCL11","PRELP",-0.231912568628118
"923","AXIN1","PRELP",0.437569008761804
"924","IL-18R1","PRELP",-0.270029779909273
"925","CD59","PRELP",0.429658102634109
"926","PRSS2","PRELP",-0.192353829277753
"927","PLXNB2","PRELP",-0.193768205442543
"928","NRP1","PRELP",-0.32289920792938
"929","ENG","PRELP",-0.278062983516534
"930","IGFBP6","PRELP",0.626773320761263
"931","MET","PRELP",-0.47854902787947
"932","PCOLCE","PRELP",-0.24218058881238
"933","LYVE1","PRELP",-0.246591968564188
"934","LPL","PRSS27",0.467000996134822
"935","hOSCAR","PRSS27",-0.200313184614153
"936","AGRP","PRSS27",0.436754708920378
"937","IL-18R1","PRSS27",-0.197147157929771
"938","CA3","PRSS27",0.46764494568022
"939","C2","TIE2",0.428488567249202
"940","LPL","TIE2",0.430572998270552
"941","hOSCAR","TIE2",-0.290299045520145
"942","CCL28","TIE2",-0.212434974744914
"943","IL-18R1","TIE2",-0.199653815196138
"944","PRSS2","TIE2",-0.262644159789664
"945","FCN2","TIE2",0.433842788811865
"946","VCAM1","TIE2",0.432639002636673
"947","CD46","TIE2",-0.278471126035448
"948","CR2","TIE2",-0.191863277183186
"949","SELL","TIE2",-0.183604169895295
"950","MET","TIE2",-0.196562496339595
"951","IGLC2","CCL17",-0.249243929079237
"952","GDF-2","CCL17",-0.209146200092694
"953","CXCL1","CCL17",-0.251655632830526
"954","TGM2","CCL17",-0.219249459413029
"955","uPA","CCL17",-0.298240350742548
"956","CA1","CCL17",-0.223276837932235
"957","CD40-L","VSIG2",-0.242369585531375
"958","AOC3","VSIG2",0.439336966887561
"959","CCL18","VSIG2",-0.235278433231108
"960","IGLC2","VSIG2",-0.346456173435963
"961","hOSCAR","VSIG2",-0.298629489145492
"962","CCL25","VSIG2",-0.290196549111574
"963","IFN-gamma","VSIG2",0.434610418985159
"964","IL18","VSIG2",-0.182396226142752
"965","CX3CL1","VSIG2",-0.245987512170652
"966","CSF-1","VSIG2",-0.335673546918138
"967","CCL28","VSIG2",-0.260347798399775
"968","NEMO","VSIG2",0.452623123457839
"969","CCL19","VSIG2",0.427616051121878
"970","SELL","VSIG2",-0.243303361695254
"971","TIE1","VSIG2",0.615083919561189
"972","SERPINA12","CXCL1",0.552984453791066
"973","ITGB1BP2","CXCL1",-0.240946912538641
"974","MMP7","CXCL1",0.502248486375273
"975","TNFRSF11A","CXCL1",-0.195172134542901
"976","PDGF subunit B","CXCL1",-0.21598640466022
"977","MCP-4","CXCL1",-0.213161617061227
"978","CSF-1","CXCL1",-0.213023339541662
"979","CCL28","CXCL1",-0.204971985310558
"980","TGM2","CXCL1",-0.253026345666951
"981","FGF-19","CXCL1",0.54654061678472
"982","FCN2","CXCL1",0.702266790459635
"983","ICAM1","CXCL1",-0.185931585617173
"984","CD40-L","XCL1",-0.24009068306516
"985","TNFRSF10A","XCL1",0.466629192816987
"986","IgG Fc receptor II-b","XCL1",0.469248985387458
"987","C2","XCL1",0.568968828496115
"988","IGLC2","XCL1",-0.18313487863318
"989","TRANCE","XCL1",0.440855645562022
"990","TRAIL","XCL1",-0.246227238328548
"991","CCL25","XCL1",-0.272893691937341
"992","IL8","XCL1",-0.210393397953571
"993","CX3CL1","XCL1",-0.257484367731914
"994","CCL28","XCL1",-0.349067761815642
"995","FGF-21","XCL1",-0.187184886892184
"996","NEMO","XCL1",0.551550108088025
"997","PD-L1","XCL1",0.441356862820369
"998","TGF-alpha","XCL1",-0.191991335547417
"999","AXIN1","XCL1",0.511279865562581
"1000","CD59","XCL1",0.4828083090566
"1001","IL7R","XCL1",0.591390765105858
"1002","NRP1","XCL1",-0.253908230212744
"1003","IGFBP6","XCL1",0.494501808009856
"1004","SELL","XCL1",-0.280044824772527
"1005","MET","XCL1",-0.420020309160898
"1006","TNC","XCL1",0.454102085607231
"1007","IGFBP3","XCL1",0.446400900330405
"1008","FCGR2A","XCL1",0.507328085578298
"1009","CST3","XCL1",0.47955973976821
"1010","MMP7","CD40-L",-0.370398159647138
"1011","PGF","CD40-L",-0.295651246425119
"1012","GIF","CD40-L",-0.201138122965299
"1013","MARCO","CD40-L",-0.313717611657431
"1014","hOSCAR","CD40-L",0.463324102045091
"1015","MMP-10","CD40-L",-0.321486354090081
"1016","OSM","CD40-L",-0.476797786225393
"1017","VEGFA","CD40-L",0.452194546266875
"1018","HAOX1","CD40-L",-0.307150998331407
"1019","HGF","CD40-L",-0.262314170616368
"1020","CDCP1","CD40-L",-0.329338771481815
"1021","CXCL10","CD40-L",-0.406749736218692
"1022","Flt3L","CD40-L",-0.210738649854661
"1023","TNFB","CD40-L",-0.258582166109986
"1024","CXCL1","CD40-L",-0.182464207212436
"1025","TGM2","CD40-L",-0.192896230673644
"1026","CCL23","CD40-L",-0.393828089782749
"1027","PD-L2","CD40-L",-0.24486088167992
"1028","CXCL9","CD40-L",-0.272061084460516
"1029","SCF","CD40-L",-0.281815321284429
"1030","NEMO","CD40-L",-0.299220552542049
"1031","HSP 27","CD40-L",-0.232360965217961
"1032","AXIN1","CD40-L",-0.368725507642545
"1033","PROC","CD40-L",-0.244283481746863
"1034","CDH1","CD40-L",-0.248717680232653
"1035","GNLY","CD40-L",-0.228793526631498
"1036","SELL","CD40-L",0.979653529495533
"1037","SERPINA5","CD40-L",-0.214101719133696
"1038","TIE1","CD40-L",-0.211432363867235
"1039","IGFBP3","CD40-L",-0.19165197770565
"1040","CST3","CD40-L",-0.290000980458518
"1041","LPL","PAR-1",0.442154720655359
"1042","CXCL5","PAR-1",0.512629652975871
"1043","TNFSF14","PAR-1",0.454573811327632
"1044","CXCL11","PAR-1",0.709346767816173
"1045","CCL20","PAR-1",0.569011602873418
"1046","CTSL1","PAR-1",0.552414316187188
"1047","MEGF9","PAR-1",0.597533126362037
"1048","CA3","PAR-1",0.487287161123867
"1049","CNDP1","PAR-1",0.840053768752423
"1050","SERPINA7","PAR-1",0.866612194900072
"1051","NID1","PAR-1",0.54008121906019
"1052","VCAM1","PAR-1",0.524259300963985
"1053","FCGR3B","PAR-1",0.510396871549628
"1054","PTPRS","PAR-1",0.722959825402516
"1055","CCL14","PAR-1",0.737364283325826
"1056","TNFRSF11A","SERPINA12",-0.3249987260555
"1057","PDGF subunit B","SERPINA12",-0.310559481030114
"1058","C2","SERPINA12",0.432759062825978
"1059","IGLC2","SERPINA12",-0.324992596240853
"1060","EN-RAGE","SERPINA12",0.459975082558104
"1061","CCL25","SERPINA12",-0.280184511439199
"1062","CCL4","SERPINA12",-0.221832328552228
"1063","CSF-1","SERPINA12",-0.40222061463476
"1064","TGM2","SERPINA12",-0.274253401261212
"1065","SCF","SERPINA12",0.441913325145836
"1066","VEGFD","SERPINA12",0.503633891874488
"1067","TNF","SERPINA12",0.460403732362308
"1068","CD8A","SERPINA12",0.580825094962955
"1069","PARP-1","SERPINA12",0.525798159599033
"1070","HSP 27","SERPINA12",0.493069386964885
"1071","FGF-19","SERPINA12",0.595548878473027
"1072","TGF-alpha","SERPINA12",-0.227128971617176
"1073","GP1BA","SERPINA12",0.46034301874361
"1074","CFHR5","SERPINA12",0.500262694508503
"1075","GNLY","SERPINA12",0.458471571381701
"1076","PCOLCE","SERPINA12",0.488534365662006
"1077","TIE1","SERPINA12",0.462746491082621
"1078","FCGR2A","SERPINA12",0.532559242987924
"1079","ITGB1BP2","TNFRSF10A",0.430470209269483
"1080","IgG Fc receptor II-b","TNFRSF10A",0.475808243566774
"1081","C2","TNFRSF10A",0.443777402608519
"1082","CSF-1","TNFRSF10A",-0.224998428497607
"1083","CCL28","TNFRSF10A",-0.200957559387805
"1084","TNF","TNFRSF10A",0.425472480931153
"1085","PD-L1","TNFRSF10A",0.540714973943974
"1086","F11","TNFRSF10A",-0.212227170932432
"1087","NRP1","TNFRSF10A",-0.285588517597439
"1088","MET","TNFRSF10A",-0.222650061134961
"1089","CST3","TNFRSF10A",0.515859725180384
"1090","TNFRSF11A","ITGB1BP2",0.478626497808493
"1091","SOD2","ITGB1BP2",-0.247497806847723
"1092","hOSCAR","ITGB1BP2",-0.191321580027141
"1093","MMP12","ITGB1BP2",0.458844689018625
"1094","TRAIL","ITGB1BP2",-0.188893560290962
"1095","VEGFA","ITGB1BP2",-0.2051315159782
"1096","CXCL6","ITGB1BP2",-0.253593922519069
"1097","4E-BP1","ITGB1BP2",-0.230783582860215
"1098","CD5","ITGB1BP2",-0.222440304277496
"1099","VEGFD","ITGB1BP2",-0.33122539241778
"1100","FGF-19","ITGB1BP2",-0.352398958649329
"1101","ADA","ITGB1BP2",-0.254828155614216
"1102","ANG","ITGB1BP2",-0.201944754509168
"1103","PRSS2","ITGB1BP2",-0.197261223646783
"1104","LILRB1","ITGB1BP2",-0.224341506790921
"1105","NRP1","ITGB1BP2",-0.274346050304838
"1106","ENG","ITGB1BP2",-0.270491594224185
"1107","CFHR5","ITGB1BP2",-0.250765557803658
"1108","GNLY","ITGB1BP2",-0.240114809320257
"1109","MET","ITGB1BP2",-0.385523751216217
"1110","C2","IgG Fc receptor II-b",0.427200551825116
"1111","IGLC2","IgG Fc receptor II-b",-0.187309705992069
"1112","RAGE","IgG Fc receptor II-b",0.525400537008272
"1113","KIT","IgG Fc receptor II-b",0.546211841938671
"1114","GT","IgG Fc receptor II-b",0.515221037598672
"1115","TRANCE","IgG Fc receptor II-b",0.552028349115376
"1116","MMP12","IgG Fc receptor II-b",0.446020666858072
"1117","TNFRSF9","IgG Fc receptor II-b",0.597352371778531
"1118","MCP-1","IgG Fc receptor II-b",0.436067039437352
"1119","CSF-1","IgG Fc receptor II-b",-0.247108939443258
"1120","LIF-R","IgG Fc receptor II-b",0.548016058094426
"1121","NRP1","IgG Fc receptor II-b",-0.2180958966284
"1122","NID1","IgG Fc receptor II-b",0.434292895124282
"1123","GP1BA","IgG Fc receptor II-b",0.500960323653855
"1124","PCOLCE","IgG Fc receptor II-b",0.496434583748001
"1125","LYVE1","IgG Fc receptor II-b",0.517977141153132
"1126","FCGR2A","IgG Fc receptor II-b",0.528972648438944
"1127","TIMD4","IgG Fc receptor II-b",0.533242470895872
"1128","CST3","IgG Fc receptor II-b",0.431925932682875
"1129","PIgR","MMP7",-0.212505539368855
"1130","HB-EGF","MMP7",-0.199998197680357
"1131","VEGFA","MMP7",-0.234545536956905
"1132","CXCL6","MMP7",-0.185729681398163
"1133","IL8","MMP7",-0.25272173028926
"1134","CSF-1","MMP7",-0.237850861801939
"1135","CCL28","MMP7",-0.268305718476402
"1136","CCL23","MMP7",0.498383757707472
"1137","FGF-21","MMP7",-0.235944831341699
"1138","NEMO","MMP7",0.447364649697171
"1139","SELL","MMP7",-0.354888231191573
"1140","MET","MMP7",-0.248923169019223
"1141","ICAM1","MMP7",-0.210912541319235
"1142","PGF","TNFRSF11A",-0.252427377623183
"1143","TF","TNFRSF11A",-0.24179083175331
"1144","GIF","TNFRSF11A",-0.256522131443922
"1145","MARCO","TNFRSF11A",-0.216682987297881
"1146","MMP-10","TNFRSF11A",-0.259097700577732
"1147","CCL23","TNFRSF11A",-0.276946179246523
"1148","VEGFD","TNFRSF11A",-0.38843048031151
"1149","CD8A","TNFRSF11A",-0.190311489614604
"1150","PARP-1","TNFRSF11A",-0.196658882903847
"1151","HSP 27","TNFRSF11A",-0.20727767269692
"1152","ANG","TNFRSF11A",-0.204755300175886
"1153","CFHR5","TNFRSF11A",-0.358246707287968
"1154","GNLY","TNFRSF11A",-0.427214005073958
"1155","TIE1","TNFRSF11A",-0.191269690806096
"1156","FCGR2A","TNFRSF11A",-0.236308216770778
"1157","CD8A","PDGF subunit B",-0.254816411829758
"1158","PARP-1","PDGF subunit B",-0.184180117124194
"1159","ANG","PDGF subunit B",-0.189287306789228
"1160","REG1A","PDGF subunit B",-0.266780429923222
"1161","ICAM3","PDGF subunit B",-0.238316433642214
"1162","CFHR5","PDGF subunit B",-0.193805217630361
"1163","GNLY","PDGF subunit B",-0.402418897252047
"1164","IGFBP6","PDGF subunit B",-0.217908833909269
"1165","MMP-10","SOD2",-0.21411785826842
"1166","CCL25","SOD2",-0.24875293962518
"1167","CCL3","SOD2",-0.266407767395984
"1168","TGM2","SOD2",-0.1927584853548
"1169","ST6GAL1","SOD2",-0.202806271023932
"1170","IGLC2","AOC3",-0.358241514373517
"1171","TRAIL","AOC3",-0.183572836941794
"1172","IFN-gamma","AOC3",0.532549067989356
"1173","OSM","AOC3",0.444676765898788
"1174","CSF-1","AOC3",-0.282572842087973
"1175","PD-L2","AOC3",0.429818223486545
"1176","CXCL9","AOC3",0.447496399776391
"1177","SCF","AOC3",0.554785408613581
"1178","NEMO","AOC3",0.454364994782107
"1179","TNF","AOC3",0.47765240152877
"1180","HSP 27","AOC3",0.435108627816629
"1181","IL7R","AOC3",0.426075677932055
"1182","THBS4","AOC3",0.463642998469685
"1183","TIE1","AOC3",0.484453081082339
"1184","IGLC2","C2",-0.187618110087848
"1185","TRANCE","C2",0.445913471028656
"1186","IL7","C2",0.599216774441933
"1187","CSF-1","C2",-0.303952419828102
"1188","CCL28","C2",-0.226720163071946
"1189","CCL23","C2",0.463619289026973
"1190","NEMO","C2",0.638726202394519
"1191","CD8A","C2",0.435079093140149
"1192","PD-L1","C2",0.444967610114951
"1193","HSP 27","C2",0.477828778365179
"1194","AXIN1","C2",0.425410529951529
"1195","IL7R","C2",0.438108407154992
"1196","GP1BA","C2",0.499228349280295
"1197","MET","C2",-0.393600610577441
"1198","TIE1","C2",0.481135010798711
"1199","FCGR2A","C2",0.554348974663806
"1200","4E-BP1","CCL18",-0.20352105233868
"1201","IL18","CCL18",0.486464532677366
"1202","TNF","CCL18",-0.192158447428115
"1203","IGLC2","REN",-0.233091650777319
"1204","CD8A","REN",0.434920019001697
"1205","FCGR2A","REN",0.46178458559471
"1206","MARCO","PIgR",-0.220433072431673
"1207","CR2","PIgR",-0.193720792466675
"1208","COMP","PIgR",-0.220848223995727
"1209","PGF","IGLC2",-0.197310083711643
"1210","LILRB2","IGLC2",-0.21443242257457
"1211","TF","IGLC2",-0.199075405440385
"1212","GIF","IGLC2",-0.264783321365249
"1213","KIT","IGLC2",-0.217991992319429
"1214","GT","IGLC2",-0.238458598803117
"1215","EN-RAGE","IGLC2",-0.283855944923526
"1216","TNFRSF9","IGLC2",-0.229458987935914
"1217","IL-10RB","IGLC2",-0.204090929972083
"1218","IFN-gamma","IGLC2",-0.289022623698111
"1219","CD244","IGLC2",-0.378832291357139
"1220","HAOX1","IGLC2",-0.278165280774524
"1221","4E-BP1","IGLC2",-0.372602485995914
"1222","TNFB","IGLC2",-0.211354771752212
"1223","MCP-1","IGLC2",-0.383287410711947
"1224","CSF-1","IGLC2",0.570257832301393
"1225","CD5","IGLC2",-0.186181891123781
"1226","CCL23","IGLC2",-0.282815066293839
"1227","PD-L2","IGLC2",-0.209101754526412
"1228","SCF","IGLC2",-0.499359256652294
"1229","NEMO","IGLC2",-0.366880237273783
"1230","VEGFD","IGLC2",-0.440201560469055
"1231","FABP2","IGLC2",-0.315658509339491
"1232","CD8A","IGLC2",-0.343162680889708
"1233","PARP-1","IGLC2",-0.27006224742917
"1234","HSP 27","IGLC2",-0.455408091090499
"1235","FGF-19","IGLC2",-0.201576208907167
"1236","AXIN1","IGLC2",-0.197528024024729
"1237","CCL19","IGLC2",-0.337131251446294
"1238","ANG","IGLC2",-0.203293099720678
"1239","CD59","IGLC2",-0.22082606910899
"1240","PROC","IGLC2",-0.209207612112297
"1241","NCAM1","IGLC2",-0.245853805856524
"1242","LILRB1","IGLC2",-0.335099290464117
"1243","CDH1","IGLC2",-0.216808809454101
"1244","NOTCH1","IGLC2",-0.192829042994652
"1245","PLXNB2","IGLC2",-0.26434411905193
"1246","FCN2","IGLC2",-0.230250069661639
"1247","THBS4","IGLC2",-0.211503599197148
"1248","DPP4","IGLC2",-0.216239320408656
"1249","TIMP1","IGLC2",-0.404352119737491
"1250","GP1BA","IGLC2",-0.375654295808673
"1251","CFHR5","IGLC2",-0.433477432214183
"1252","GNLY","IGLC2",-0.217981602407865
"1253","COMP","IGLC2",-0.281960903963878
"1254","PCOLCE","IGLC2",-0.261399000778994
"1255","TIE1","IGLC2",-0.476196075866765
"1256","LYVE1","IGLC2",-0.366974745074131
"1257","FCGR2A","IGLC2",-0.44502933574777
"1258","TIMD4","IGLC2",-0.253988451685967
"1259","CST3","IGLC2",-0.332938189931258
"1260","OSM","PGF",0.473982044114832
"1261","HGF","PGF",0.474249138641386
"1262","IL7","PGF",0.49851845679709
"1263","MCP-2","PGF",0.457603696474008
"1264","CCL23","PGF",0.56864700896655
"1265","NEMO","PGF",0.509054387309848
"1266","SELL","PGF",-0.297021963299403
"1267","LEP","IL18",-0.192177668399459
"1268","REG1A","IL18",-0.185369948685497
"1269","CNDP1","COL18A1",-0.250616396970629
"1270","SERPINA7","COL18A1",-0.245402464682701
"1271","NID1","COL18A1",-0.199178058330977
"1272","PTPRS","COL18A1",-0.232696335597637
"1273","CCL14","COL18A1",-0.245130271068378
"1274","MBL2","COL18A1",0.738526794752546
"1275","EN-RAGE","LILRB2",0.43045529775665
"1276","TGM2","LILRB2",-0.23520122856084
"1277","GIF","TF",0.46869136078609
"1278","TRANCE","TF",0.48799064933187
"1279","EN-RAGE","TF",0.576426678444929
"1280","CST5","TF",-0.227044999692581
"1281","VEGFA","TF",0.429837349335834
"1282","IL18","TF",0.480990663847379
"1283","CSF-1","TF",-0.255536706882371
"1284","VEGFD","TF",0.479217883565247
"1285","PARP-1","TF",0.465873230241457
"1286","HSP 27","TF",0.598447809001035
"1287","CFHR5","TF",0.528267166786218
"1288","GDF-2","GIF",-0.218273972590547
"1289","IL18","GIF",0.428322096253198
"1290","CSF-1","GIF",-0.23334772183137
"1291","uPA","GIF",-0.220422971200949
"1292","HSP 27","GIF",0.439559454495167
"1293","SAA4","GIF",-0.215963729388964
"1294","SELL","GIF",-0.186798291004015
"1295","MCP-1","LPL",-0.28149493110169
"1296","CD5","LPL",-0.185346262676843
"1297","VEGFD","LPL",-0.269433295426771
"1298","TNF","LPL",-0.192524720270874
"1299","TNFSF14","LPL",0.788564064013813
"1300","AGRP","LPL",0.523103610850244
"1301","CXCL11","LPL",0.5344370012285
"1302","CTSL1","LPL",0.606748015529973
"1303","CCL19","LPL",-0.202180579996524
"1304","ADA","LPL",0.476455540424348
"1305","CA3","LPL",0.729412520483928
"1306","SERPINA7","LPL",0.446405941785405
"1307","VCAM1","LPL",0.80815974544469
"1308","CD46","LPL",-0.216503695610644
"1309","TCN2","LPL",0.468252476852149
"1310","GNLY","LPL",-0.186150833901282
"1311","PTPRS","LPL",0.449699390481463
"1312","CCL14","LPL",0.474405149449195
"1313","KIT","RAGE",0.555428158987803
"1314","GT","RAGE",0.571533627851225
"1315","EN-RAGE","RAGE",0.551674480698113
"1316","TNFRSF9","RAGE",0.617789347952382
"1317","IL-10RB","RAGE",0.458859931603571
"1318","CXCL5","RAGE",0.504259775510943
"1319","VEGFA","RAGE",0.522400726221919
"1320","4E-BP1","RAGE",0.488480613832121
"1321","CD5","RAGE",0.530938878443436
"1322","CCL11","RAGE",0.453324253616727
"1323","NID1","RAGE",0.591153605641725
"1324","GP1BA","RAGE",0.45607734568865
"1325","PCOLCE","RAGE",0.593599382277964
"1326","LYVE1","RAGE",0.569530608190988
"1327","FCGR2A","RAGE",0.476134657922932
"1328","TIMD4","RAGE",0.440802437765514
"1329","GT","KIT",0.726748028324041
"1330","TRANCE","KIT",0.490321043515049
"1331","EN-RAGE","KIT",0.589045315973788
"1332","TNFRSF9","KIT",0.528945525457504
"1333","VEGFA","KIT",0.574845585670083
"1334","Flt3L","KIT",0.477615789761882
"1335","IL-12B","KIT",0.69552505114926
"1336","MCP-1","KIT",0.512365639078135
"1337","CD5","KIT",0.450452402185287
"1338","CD8A","KIT",0.444510959456179
"1339","GP1BA","KIT",0.532741400084022
"1340","PCOLCE","KIT",0.466672687008958
"1341","LYVE1","KIT",0.549059428055102
"1342","FCGR2A","KIT",0.507492851508067
"1343","TIMD4","KIT",0.560590638319596
"1344","EN-RAGE","GT",0.564321457224103
"1345","TNFRSF9","GT",0.620899606804614
"1346","VEGFA","GT",0.560822075389264
"1347","CD244","GT",0.484060614662764
"1348","4E-BP1","GT",0.476887789212207
"1349","IL-12B","GT",0.438897324590704
"1350","MCP-1","GT",0.496244185466304
"1351","CD5","GT",0.580724027757434
"1352","CD8A","GT",0.47580302568565
"1353","NID1","GT",0.428238540844909
"1354","GP1BA","GT",0.541642728402321
"1355","PCOLCE","GT",0.578156076537966
"1356","LYVE1","GT",0.606610815934515
"1357","FCGR2A","GT",0.477494488087296
"1358","TIMD4","GT",0.576896070850311
"1359","CSF-1","MARCO",-0.24836822652341
"1360","CCL23","MARCO",0.547741292103503
"1361","ENG","MARCO",-0.196210639426958
"1362","SELL","MARCO",-0.290125365168826
"1363","MET","MARCO",-0.214441862079723
"1364","TRAIL","GDF-2",-0.27660461682815
"1365","4E-BP1","GDF-2",-0.257078841426232
"1366","IL18","GDF-2",-0.182384969310325
"1367","CXCL1","GDF-2",0.548938097874516
"1368","CCL28","GDF-2",-0.253395294994176
"1369","VEGFD","GDF-2",-0.195130611852603
"1370","FABP2","GDF-2",-0.372158981011978
"1371","HSP 27","GDF-2",-0.188095403612096
"1372","FGF-19","GDF-2",-0.207911925892923
"1373","TGF-alpha","GDF-2",-0.186685788147176
"1374","CCL19","GDF-2",-0.186500058338955
"1375","PRSS2","GDF-2",-0.247617158913341
"1376","ST6GAL1","GDF-2",-0.275971893153604
"1377","F11","GDF-2",-0.198065661401562
"1378","NCAM1","GDF-2",-0.260583180689455
"1379","PLXNB2","GDF-2",-0.384259676388822
"1380","NRP1","GDF-2",-0.4202287271741
"1381","ENG","GDF-2",-0.304206587063058
"1382","DPP4","GDF-2",-0.2970044272304
"1383","TIMP1","GDF-2",-0.321292587343215
"1384","CFHR5","GDF-2",-0.225341242055874
"1385","MET","GDF-2",-0.341795312020957
"1386","SERPINA5","GDF-2",-0.189102432666481
"1387","PCOLCE","GDF-2",-0.221734770772633
"1388","LYVE1","GDF-2",-0.344310754342491
"1389","TRAIL","hOSCAR",0.52513480726006
"1390","IL-10RB","hOSCAR",-0.238034644518523
"1391","MMP-10","hOSCAR",-0.191142927171751
"1392","OSM","hOSCAR",-0.366651113334593
"1393","HAOX1","hOSCAR",-0.185935677164155
"1394","HGF","hOSCAR",-0.228414928984232
"1395","CDCP1","hOSCAR",-0.226302080227209
"1396","CXCL10","hOSCAR",-0.34651386131158
"1397","Flt3L","hOSCAR",-0.203192888388893
"1398","CX3CL1","hOSCAR",0.496653109288002
"1399","TNFB","hOSCAR",-0.184476702177143
"1400","PD-L2","hOSCAR",-0.217350603446262
"1401","CXCL9","hOSCAR",-0.207300334742095
"1402","NEMO","hOSCAR",-0.337963829745207
"1403","OPG","hOSCAR",-0.22148558014027
"1404","AXIN1","hOSCAR",-0.317102677184327
"1405","IL-18R1","hOSCAR",0.44994902178031
"1406","LAP TGF-beta-1","hOSCAR",-0.193452324011487
"1407","CD59","hOSCAR",-0.225166080689033
"1408","PROC","hOSCAR",-0.274571287499931
"1409","NOTCH1","hOSCAR",-0.300755231766802
"1410","FCN2","hOSCAR",-0.203401703426398
"1411","SELL","hOSCAR",0.488617627569213
"1412","TIE1","hOSCAR",-0.223770616772893
"1413","CST3","hOSCAR",-0.250108774142106
"1414","EN-RAGE","TRANCE",0.626112024316728
"1415","TNFRSF9","TRANCE",0.469243249513856
"1416","VEGFA","TRANCE",0.511701072467917
"1417","IL18","TRANCE",0.471751048329121
"1418","CD8A","TRANCE",0.466014226753624
"1419","CD59","TRANCE",0.467873295423903
"1420","MET","TRANCE",-0.204916952529431
"1421","FCGR2A","TRANCE",0.492322379470642
"1422","TIMD4","TRANCE",0.430659293884268
"1423","TNFRSF9","HB-EGF",0.471954301119495
"1424","VEGFA","HB-EGF",0.47181933448469
"1425","THPO","HB-EGF",0.425879571089262
"1426","CXCL1","HB-EGF",-0.245326648168808
"1427","TGM2","HB-EGF",-0.194544026589642
"1428","FGF-21","HB-EGF",0.798347359368526
"1429","uPA","HB-EGF",-0.278601943245149
"1430","AXIN1","HB-EGF",-0.200107622604309
"1431","ICAM3","HB-EGF",-0.235061398709806
"1432","CDH1","HB-EGF",-0.19052439809091
"1433","IGFBP6","HB-EGF",-0.27511321731412
"1434","MET","HB-EGF",0.435198632899904
"1435","NRP1","MMP12",-0.217840996523114
"1436","ENG","MMP12",-0.205495949186419
"1437","CD46","MMP12",-0.186093195990197
"1438","MET","MMP12",-0.419320817617467
"1439","IGFBP3","MMP12",0.533776055504637
"1440","TNFRSF9","EN-RAGE",0.541381065741072
"1441","VEGFA","EN-RAGE",0.851636077167214
"1442","CCL4","EN-RAGE",-0.308178657091292
"1443","4E-BP1","EN-RAGE",0.436857254097451
"1444","IL18","EN-RAGE",0.599540663263883
"1445","MCP-1","EN-RAGE",0.526414220268766
"1446","CXCL1","EN-RAGE",-0.188668956262649
"1447","TGM2","EN-RAGE",-0.196947659014441
"1448","CD5","EN-RAGE",0.637741566572827
"1449","VEGFD","EN-RAGE",0.571045870239501
"1450","CD8A","EN-RAGE",0.616895377669604
"1451","PARP-1","EN-RAGE",0.492260707886351
"1452","FGF-19","EN-RAGE",0.521033670406729
"1453","CCL19","EN-RAGE",0.499480735687287
"1454","PRSS2","EN-RAGE",0.452943789355853
"1455","ENG","EN-RAGE",0.454653997232982
"1456","TIMP1","EN-RAGE",0.427938258089282
"1457","NID1","EN-RAGE",0.427280288957725
"1458","GP1BA","EN-RAGE",0.508333837851762
"1459","CFHR5","EN-RAGE",0.658395578818801
"1460","PCOLCE","EN-RAGE",0.652968776880007
"1461","LYVE1","EN-RAGE",0.686986560726448
"1462","FCGR2A","EN-RAGE",0.610216647976614
"1463","TIMD4","EN-RAGE",0.544344006089201
"1464","CD244","CST5",-0.204996722997179
"1465","4E-BP1","CST5",-0.315491381696883
"1466","Flt3L","CST5",0.46137195364681
"1467","IL-12B","CST5",0.515865736525092
"1468","CCL28","CST5",-0.194118879849911
"1469","TGM2","CST5",0.432800756689359
"1470","SCF","CST5",-0.186575885309642
"1471","VEGFD","CST5",-0.317138449955671
"1472","CXCL11","CST5",-0.199230906278341
"1473","FGF-19","CST5",-0.230898609550411
"1474","PRSS2","CST5",-0.302326992934292
"1475","DPP4","CST5",-0.358187525526756
"1476","SERPINA7","CST5",-0.206775377561942
"1477","NID1","CST5",-0.208180244750646
"1478","CFHR5","CST5",-0.345299600931893
"1479","CR2","CST5",-0.212205583185782
"1480","MET","CST5",-0.281436415843006
"1481","CCL14","CST5",-0.199635782392871
"1482","PCOLCE","CST5",-0.241933119502002
"1483","LYVE1","CST5",-0.234803322289295
"1484","IL-10RB","TNFRSF9",0.455456810233355
"1485","VEGFA","TNFRSF9",0.568093925243382
"1486","CD244","TNFRSF9",0.534015432339315
"1487","4E-BP1","TNFRSF9",0.537924768082207
"1488","THPO","TNFRSF9",0.430700526693068
"1489","CSF-1","TNFRSF9",-0.18664191258369
"1490","CD5","TNFRSF9",0.48946588879512
"1491","VEGFD","TNFRSF9",0.466695841432137
"1492","CCL11","TNFRSF9",0.460753566915053
"1493","TNF","TNFRSF9",0.426718236531459
"1494","uPA","TNFRSF9",-0.30915813550935
"1495","CD8A","TNFRSF9",0.460824655596605
"1496","LIF-R","TNFRSF9",0.518601510733917
"1497","NID1","TNFRSF9",0.483396235346979
"1498","GP1BA","TNFRSF9",0.56598022541462
"1499","PCOLCE","TNFRSF9",0.498922702563615
"1500","LYVE1","TNFRSF9",0.549549189218637
"1501","FCGR2A","TNFRSF9",0.566152263593163
"1502","TIMD4","TNFRSF9",0.583229367714216
"1503","IL-10RB","CD40",0.463035412205746
"1504","OSM","CD40",0.474919785150144
"1505","HAOX1","CD40",0.474692545682799
"1506","HGF","CD40",0.468984974750112
"1507","TNFRSF13B","CD40",0.635323191711858
"1508","CXCL10","CD40",0.43425619187193
"1509","MCP-2","CD40",0.501962548721592
"1510","CXCL1","CD40",0.513328997174923
"1511","PD-L2","CD40",0.452276979569522
"1512","CXCL9","CD40",0.426328575756539
"1513","CCL11","CD40",0.448943247538784
"1514","TNF","CD40",0.454274263932047
"1515","NRP1","CD40",-0.214565628735055
"1516","CA1","CD40",-0.208456956165006
"1517","SERPINA5","CD40",0.458957126817118
"1518","CCL25","TRAIL",0.453245011700108
"1519","OSM","TRAIL",-0.26388700466364
"1520","CXCL10","TRAIL",-0.263698036168734
"1521","Flt3L","TRAIL",-0.299540554210994
"1522","IL18","TRAIL",0.432006936229993
"1523","CX3CL1","TRAIL",0.476810448223698
"1524","CCL28","TRAIL",0.619450625610731
"1525","CXCL9","TRAIL",-0.230362610939333
"1526","TNF","TRAIL",-0.370339755032828
"1527","LIF-R","TRAIL",-0.376979443340978
"1528","CXCL11","TRAIL",0.448355443617948
"1529","AXIN1","TRAIL",-0.394891738091614
"1530","IL-18R1","TRAIL",0.425588821454727
"1531","LAP TGF-beta-1","TRAIL",-0.219482178829664
"1532","CD59","TRAIL",-0.249197969773257
"1533","PAM","TRAIL",-0.205929301923918
"1534","PROC","TRAIL",-0.22960219987367
"1535","IL7R","TRAIL",-0.28457977274636
"1536","ICAM3","TRAIL",-0.260443995488963
"1537","CDH1","TRAIL",-0.281012201813301
"1538","SAA4","TRAIL",-0.398725598124066
"1539","GNLY","TRAIL",-0.194278920124132
"1540","IGFBP6","TRAIL",-0.303984277484847
"1541","TNC","TRAIL",-0.307177786092068
"1542","FCGR2A","TRAIL",-0.203609303964278
"1543","CX3CL1","TWEAK",0.457763061713652
"1544","IFN-gamma","IL-10RB",0.480514431636372
"1545","OSM","IL-10RB",0.492295772501362
"1546","HGF","IL-10RB",0.489720764534763
"1547","4E-BP1","IL-10RB",0.530069129966455
"1548","CSF-1","IL-10RB",-0.185681751607872
"1549","CXCL9","IL-10RB",0.489100360209123
"1550","SCF","IL-10RB",0.516642875040537
"1551","NEMO","IL-10RB",0.458535435697902
"1552","TNF","IL-10RB",0.454909267251422
"1553","TIE1","IL-10RB",0.457932583059949
"1554","FCGR2A","IL-10RB",0.427845794524027
"1555","CXCL1","STAMBP",0.499233571857381
"1556","TNF","STAMBP",0.449196690780477
"1557","SAA4","STAMBP",0.455183160003326
"1558","VCAM1","STAMBP",-0.187489607090487
"1559","CR2","STAMBP",-0.288794600383087
"1560","LEP","MMP-10",-0.239636430985825
"1561","TNF","MMP-10",-0.291441643289005
"1562","LIF-R","MMP-10",-0.240278290223685
"1563","CCL19","MMP-10",-0.193455254540324
"1564","CD59","MMP-10",-0.261601013706632
"1565","PAM","MMP-10",-0.295359181157942
"1566","ICAM3","MMP-10",-0.196627432530171
"1567","SAA4","MMP-10",-0.205371098589351
"1568","CD46","MMP-10",-0.3487414834983
"1569","IGFBP6","MMP-10",-0.248177411830598
"1570","ANGPTL3","MMP-10",-0.224302814959769
"1571","SELL","MMP-10",-0.294591555753531
"1572","TNC","MMP-10",-0.237552272396765
"1573","TGFBI","MMP-10",-0.287208458658896
"1574","CXCL10","CCL25",-0.266266501511838
"1575","Flt3L","CCL25",-0.207288518454348
"1576","CX3CL1","CCL25",0.432628658717051
"1577","MCP-1","CCL25",-0.217194300239548
"1578","CCL28","CCL25",0.465926365547486
"1579","NEMO","CCL25",-0.254929120381102
"1580","TNF","CCL25",-0.3291974946521
"1581","CD8A","CCL25",-0.276593992861565
"1582","LIF-R","CCL25",-0.251590123603191
"1583","PD-L1","CCL25",-0.300223315353958
"1584","FGF-19","CCL25",-0.248685064945039
"1585","AXIN1","CCL25",-0.265014520326734
"1586","LAP TGF-beta-1","CCL25",-0.363756855927952
"1587","ANG","CCL25",-0.373045257791628
"1588","CD59","CCL25",-0.324841334466594
"1589","IL7R","CCL25",-0.256943123352848
"1590","ICAM3","CCL25",-0.264693054823332
"1591","CDH1","CCL25",-0.23165443140759
"1592","NOTCH1","CCL25",-0.217721791088616
"1593","GNLY","CCL25",-0.39189538857226
"1594","IGFBP6","CCL25",-0.246832776737848
"1595","TNC","CCL25",-0.398543380857698
"1596","TIE1","CCL25",-0.240184415887061
"1597","FCGR2A","CCL25",-0.353057485333779
"1598","HAOX1","IFN-gamma",0.520585465952773
"1599","HGF","IFN-gamma",0.534273630984836
"1600","4E-BP1","IFN-gamma",0.46692763103336
"1601","CXCL10","IFN-gamma",0.438583030002656
"1602","CSF-1","IFN-gamma",-0.319198319928379
"1603","CCL28","IFN-gamma",-0.200175795222424
"1604","SCF","IFN-gamma",0.52491507563962
"1605","NEMO","IFN-gamma",0.454926289523975
"1606","TNF","IFN-gamma",0.681081647001524
"1607","AGRP","IFN-gamma",-0.26241604050848
"1608","NRP1","IFN-gamma",-0.198340915514721
"1609","TIE1","IFN-gamma",0.428951960631339
"1610","CXCL11","CXCL5",0.460801079408963
"1611","CCL20","CXCL5",0.57003690026675
"1612","CA3","CXCL5",0.466143266855668
"1613","CNDP1","CXCL5",0.464731512668484
"1614","SERPINA7","CXCL5",0.488671291009502
"1615","FCGR3B","CXCL5",0.510715825794348
"1616","PTPRS","CXCL5",0.452348866929105
"1617","CCL14","CXCL5",0.478347084221311
"1618","TGFBI","CXCL5",-0.186112088218242
"1619","VEGFA","OSM",-0.23150727580176
"1620","HAOX1","OSM",0.458246739493531
"1621","HGF","OSM",0.447241137059345
"1622","TNFRSF13B","OSM",0.441559039338298
"1623","CXCL10","OSM",0.644775807260689
"1624","Flt3L","OSM",0.455720673598794
"1625","CSF-1","OSM",-0.18596419105242
"1626","CCL28","OSM",-0.248205851382453
"1627","PD-L2","OSM",0.613932733672114
"1628","CXCL9","OSM",0.646601870548525
"1629","NEMO","OSM",0.541526941403001
"1630","CCL11","OSM",0.436332068565488
"1631","CASP-8","OSM",-0.274613567303507
"1632","AXIN1","OSM",0.520580452160938
"1633","IL-18R1","OSM",-0.305399154113581
"1634","PRSS2","OSM",-0.229857859031247
"1635","NRP1","OSM",-0.268323742895739
"1636","ENG","OSM",-0.225326382235651
"1637","CR2","OSM",-0.260608247654774
"1638","SELL","OSM",-0.49358930750606
"1639","SERPINA5","OSM",0.457200033176656
"1640","HAOX1","CD4",0.436979084148318
"1641","HGF","CD4",0.578513206393589
"1642","CXCL1","CD4",0.497086107705231
"1643","FABP2","CD4",-0.184107175906327
"1644","ST6GAL1","CD4",-0.191288190087973
"1645","NRP1","CD4",-0.197861587414014
"1646","SAA4","CD4",0.472218399062069
"1647","CR2","CD4",-0.206452565700609
"1648","MET","CD4",-0.201291479543748
"1649","TGM2","MCP-4",0.4694967940417
"1650","FGF-19","MCP-4",-0.219442999093625
"1651","CCL19","MCP-4",-0.214533443892336
"1652","ANG","MCP-4",-0.274165158470256
"1653","CHL1","MCP-4",-0.207504098885068
"1654","LILRB1","MCP-4",-0.19945135097891
"1655","DPP4","MCP-4",-0.242789054719981
"1656","CD46","MCP-4",-0.225538815764651
"1657","CFHR5","MCP-4",-0.188951570775859
"1658","TIE1","MCP-4",-0.184398834223778
"1659","FCGR2A","MCP-4",-0.182427625573346
"1660","IL18","VEGFA",0.585322971355053
"1661","CXCL1","VEGFA",-0.336327036198808
"1662","CCL28","VEGFA",0.434611641539718
"1663","CD5","VEGFA",0.631971098920154
"1664","VEGFD","VEGFA",0.434169614004811
"1665","uPA","VEGFA",-0.19277513623689
"1666","CD8A","VEGFA",0.453534215790953
"1667","AXIN1","VEGFA",-0.292063206038084
"1668","CCL19","VEGFA",0.467498376427535
"1669","IL-18R1","VEGFA",0.501477858112249
"1670","PROC","VEGFA",-0.25022189535878
"1671","PRSS2","VEGFA",0.44499258496516
"1672","CDH1","VEGFA",-0.205100209927588
"1673","NRP1","VEGFA",0.439151414248315
"1674","ENG","VEGFA",0.518727999476409
"1675","NID1","VEGFA",0.489409329383847
"1676","GP1BA","VEGFA",0.514421608115672
"1677","CFHR5","VEGFA",0.520523570844176
"1678","SELL","VEGFA",0.459578110664756
"1679","PCOLCE","VEGFA",0.570868230595108
"1680","LYVE1","VEGFA",0.691459654873802
"1681","TIMD4","VEGFA",0.614444314062862
"1682","CCL4","CD244",-0.260594444356304
"1683","IL8","CD244",-0.264304320813312
"1684","CSF-1","CD244",-0.283059126826859
"1685","CXCL1","CD244",-0.201695609452899
"1686","NEMO","CD244",0.428600608058735
"1687","HSP 27","CD244",0.436939273906887
"1688","FETUB","CD244",-0.208898267710953
"1689","GP1BA","CD244",0.565405142852552
"1690","CD46","CD244",-0.261282784992368
"1691","COMP","CD244",0.4460997747007
"1692","LYVE1","CD244",0.52623546991694
"1693","FCGR2A","CD244",0.553064987274004
"1694","TIMD4","CD244",0.474293165325613
"1695","CST3","CD244",0.6150070846656
"1696","TGM2","CXCL6",-0.23873347483787
"1697","CD5","CXCL6",0.46431201463869
"1698","uPA","CXCL6",-0.241589028692817
"1699","CTSL1","CXCL6",-0.186051428408473
"1700","LAP TGF-beta-1","CXCL6",-0.183222624382742
"1701","VCAM1","CXCL6",-0.193756615502467
"1702","IGFBP6","CXCL6",-0.262154995419628
"1703","IGFBP3","CXCL6",-0.261859969957819
"1704","4E-BP1","CCL4",-0.227287564409344
"1705","MCP-1","CCL4",-0.209204231154447
"1706","VEGFD","CCL4",-0.339946548645326
"1707","FABP2","CCL4",-0.372153162423607
"1708","CD8A","CCL4",-0.273086028594101
"1709","PARP-1","CCL4",-0.234883897740463
"1710","FGF-19","CCL4",-0.405027178836125
"1711","CCL19","CCL4",-0.308951586292978
"1712","ADA","CCL4",-0.216963311950643
"1713","PRSS2","CCL4",-0.237983187175107
"1714","LILRB1","CCL4",-0.273702926803685
"1715","PLXNB2","CCL4",-0.186092857893896
"1716","FCN2","CCL4",-0.193847404481974
"1717","DPP4","CCL4",-0.192717129392164
"1718","GP1BA","CCL4",-0.313478745157323
"1719","CFHR5","CCL4",-0.336755672310364
"1720","EFEMP1","CCL4",-0.225146146121394
"1721","ANGPTL3","CCL4",-0.229111629835366
"1722","MET","CCL4",-0.269396131643826
"1723","FCGR3B","CCL4",-0.18630255296742
"1724","COMP","CCL4",-0.18656580174562
"1725","PCOLCE","CCL4",-0.345416368504918
"1726","TIE1","CCL4",-0.226348750605554
"1727","LYVE1","CCL4",-0.346102962066268
"1728","FCGR2A","CCL4",-0.280746537508219
"1729","HGF","HAOX1",0.781005953670588
"1730","SCF","HAOX1",0.509791221797865
"1731","CDH1","HAOX1",0.459459170043092
"1732","THBS4","HAOX1",0.477060561522132
"1733","SELL","HAOX1",-0.28715081555223
"1734","TNFRSF13B","HGF",0.473930692980099
"1735","CXCL10","HGF",0.469614420521788
"1736","Flt3L","HGF",0.450562551909704
"1737","IL18","HGF",-0.202490754600856
"1738","CXCL1","HGF",0.470776359994049
"1739","CXCL9","HGF",0.435006820343967
"1740","TNF","HGF",0.476211284535983
"1741","CASP-8","HGF",-0.220809445766727
"1742","CDH1","HGF",0.485944047261094
"1743","NRP1","HGF",-0.212776738034024
"1744","CR2","HGF",-0.244820793021175
"1745","SELL","HGF",-0.260079128127609
"1746","ADA","CCL3",-0.283807052768497
"1747","NOTCH1","CCL3",-0.197919018206978
"1748","CA1","CCL3",-0.186951116661415
"1749","CSF-1","4E-BP1",-0.255087613457437
"1750","TGM2","4E-BP1",-0.283244712390807
"1751","CD5","4E-BP1",0.525916622500158
"1752","SCF","4E-BP1",0.749962881145503
"1753","VEGFD","4E-BP1",0.661104280146881
"1754","uPA","4E-BP1",-0.359719639682642
"1755","CD8A","4E-BP1",0.432230963698535
"1756","FGF-19","4E-BP1",0.498132336650556
"1757","GP1BA","4E-BP1",0.451925809919083
"1758","CFHR5","4E-BP1",0.544671366872105
"1759","IGFBP6","4E-BP1",-0.339112168025988
"1760","MET","4E-BP1",0.446707189381161
"1761","PCOLCE","4E-BP1",0.648599019506992
"1762","TIE1","4E-BP1",0.448134083441855
"1763","LYVE1","4E-BP1",0.550968987547621
"1764","FCGR2A","4E-BP1",0.498872183693241
"1765","F11","LEP",-0.311400671066831
"1766","FETUB","DNER",0.515341918965808
"1767","IGFBP6","DNER",-0.197106865283017
"1768","IGFBP3","DNER",-0.1911493935793
"1769","CST3","DNER",-0.203288853957675
"1770","IL7","CDCP1",0.434350951595346
"1771","TNFRSF13B","CDCP1",0.457773438536431
"1772","CXCL10","CDCP1",0.462355891744132
"1773","IL18","CDCP1",-0.210621229865439
"1774","CXCL1","CDCP1",0.446276544346765
"1775","CCL28","CDCP1",-0.237581571718403
"1776","AXIN1","CDCP1",0.461647757011585
"1777","IL-18R1","CDCP1",-0.302016094708935
"1778","NOTCH1","CDCP1",0.432321231099338
"1779","NRP1","CDCP1",-0.389650418819544
"1780","ENG","CDCP1",-0.332378589433917
"1781","CR2","CDCP1",-0.209971566989229
"1782","SELL","CDCP1",-0.332678889845433
"1783","MET","CDCP1",-0.224392430234971
"1784","NEMO","IL8",-0.22776585846729
"1785","PD-L1","IL8",-0.193886726571014
"1786","FCGR2A","IL8",-0.203988455341747
"1787","CST3","IL8",-0.238011777696445
"1788","TNFRSF13B","IL7",0.46626724846967
"1789","MMP-1","IL7",0.518763575582137
"1790","CSF-1","IL7",-0.21369797402356
"1791","CCL28","IL7",-0.268655859761188
"1792","CCL23","IL7",0.574835582118022
"1793","PD-L2","IL7",0.563006373256448
"1794","NEMO","IL7",0.610383942537094
"1795","TNF","IL7",0.494478275699879
"1796","TGF-alpha","IL7",-0.202887806665883
"1797","AXIN1","IL7",0.497779800359027
"1798","NRP1","IL7",-0.288383042774805
"1799","IGFBP6","IL7",0.434347514972988
"1800","MET","IL7",-0.274091051653276
"1801","TIE1","IL7",0.47251225117981
"1802","CXCL10","TNFRSF13B",0.455685861078759
"1803","Flt3L","TNFRSF13B",0.429167152323826
"1804","MMP-1","TNFRSF13B",0.444096056351908
"1805","MCP-2","TNFRSF13B",0.524672549514071
"1806","CXCL1","TNFRSF13B",0.598677528818364
"1807","TGM2","TNFRSF13B",0.435362339911378
"1808","PD-L2","TNFRSF13B",0.503159051762344
"1809","CXCL9","TNFRSF13B",0.539969614068992
"1810","CCL11","TNFRSF13B",0.470142671219533
"1811","TNF","TNFRSF13B",0.529019835548146
"1812","FABP2","TNFRSF13B",-0.243143450124151
"1813","TNFSF14","TNFRSF13B",-0.188086349614686
"1814","AXIN1","TNFRSF13B",0.444644220140378
"1815","IL-18R1","TNFRSF13B",-0.222974750483365
"1816","NRP1","TNFRSF13B",-0.297494802052738
"1817","ENG","TNFRSF13B",-0.20150236090669
"1818","VCAM1","TNFRSF13B",-0.248072162305635
"1819","MET","TNFRSF13B",-0.21468780327643
"1820","CA1","TNFRSF13B",-0.195637121490647
"1821","Flt3L","CXCL10",0.501867556094418
"1822","CXCL1","CXCL10",0.442529870865506
"1823","CCL28","CXCL10",-0.274630160844627
"1824","PD-L2","CXCL10",0.476257180498793
"1825","CXCL9","CXCL10",0.571785549995737
"1826","NEMO","CXCL10",0.440369965494716
"1827","TNF","CXCL10",0.452606907307676
"1828","CASP-8","CXCL10",-0.240799245133276
"1829","TNFSF14","CXCL10",-0.193685089330282
"1830","TGF-alpha","CXCL10",-0.190388662238442
"1831","AXIN1","CXCL10",0.507258167721208
"1832","IL-18R1","CXCL10",-0.286157657813618
"1833","NRP1","CXCL10",-0.288438504896969
"1834","SELL","CXCL10",-0.4175445640646
"1835","MET","CXCL10",-0.206492997123529
"1836","IL-12B","Flt3L",0.513929493289812
"1837","CCL28","Flt3L",-0.242371075562522
"1838","CXCL9","Flt3L",0.483087416669707
"1839","CASP-8","Flt3L",-0.199094842301299
"1840","TNFSF14","Flt3L",-0.255655602349393
"1841","CXCL11","Flt3L",-0.206371199688738
"1842","PRSS2","Flt3L",-0.188802994053097
"1843","CA3","Flt3L",-0.204169069348687
"1844","NRP1","Flt3L",-0.200096030710829
"1845","SERPINA7","Flt3L",-0.215317750947216
"1846","SAA4","Flt3L",0.436429819215852
"1847","VCAM1","Flt3L",-0.212346434220426
"1848","SELL","Flt3L",-0.24085249485645
"1849","FCGR3B","Flt3L",-0.205969005236037
"1850","TNC","Flt3L",0.430122319320538
"1851","MCP-2","MMP-1",0.46956831418943
"1852","CCL23","MMP-1",0.430104617748366
"1853","ACE2","MMP-1",0.457638055488346
"1854","PD-L2","MMP-1",0.531557040136889
"1855","SPARCL1","MMP-1",0.45756967519881
"1856","CA1","MMP-1",-0.227407452593326
"1857","CXCL1","IL18",-0.276175605162225
"1858","CCL28","IL18",0.492068462491645
"1859","TNF","IL18",-0.184070468910622
"1860","AXIN1","IL18",-0.267068730409308
"1861","LAP TGF-beta-1","IL18",-0.198260507975401
"1862","PROC","IL18",-0.223492463378637
"1863","CDH1","IL18",-0.226367048246051
"1864","NRP1","IL18",0.444988875334454
"1865","SAA4","IL18",-0.201635040690279
"1866","IL-12B","MCP-2",0.529186325370789
"1867","CCL28","CX3CL1",0.554255494819651
"1868","NEMO","CX3CL1",-0.182229760042955
"1869","AXIN1","CX3CL1",-0.41313486631997
"1870","LAP TGF-beta-1","CX3CL1",-0.267634484563394
"1871","PROC","CX3CL1",-0.18495754698289
"1872","GNLY","CX3CL1",-0.250078774509071
"1873","IGFBP6","CX3CL1",-0.383778067942776
"1874","TNC","CX3CL1",-0.19649686819977
"1875","CST3","CX3CL1",-0.268184193070147
"1876","MCP-1","TNFB",0.644311745841338
"1877","TNFSF14","TNFB",-0.198085208149235
"1878","TGF-alpha","TNFB",0.564949674695852
"1879","CA3","TNFB",-0.186503012682674
"1880","TIMP1","TNFB",0.447389841343112
"1881","CR2","TNFB",-0.209709609902465
"1882","SELL","TNFB",-0.258681059065218
"1883","CA1","TNFB",-0.211145919494869
"1884","ICAM1","TNFB",-0.267610960881119
"1885","CD5","THPO",0.463788343714465
"1886","CCL11","THPO",0.463359403863974
"1887","CSF-1","MCP-1",-0.224291015849902
"1888","CD5","MCP-1",0.486009043693666
"1889","uPA","MCP-1",-0.235012631109585
"1890","TNFSF14","MCP-1",-0.290351446337794
"1891","FGF-19","MCP-1",0.436478212082007
"1892","CTSL1","MCP-1",-0.185458803489889
"1893","CA3","MCP-1",-0.19828509324206
"1894","VCAM1","MCP-1",-0.230689291279875
"1895","GP1BA","MCP-1",0.458803823247695
"1896","TCN2","MCP-1",-0.259669185810712
"1897","LYVE1","MCP-1",0.498751023905439
"1898","FCGR2A","MCP-1",0.588184049995468
"1899","ICAM1","MCP-1",-0.197198021853769
"1900","TIMD4","MCP-1",0.439560533575629
"1901","CCL23","CSF-1",-0.26447893712283
"1902","SCF","CSF-1",-0.366555832710023
"1903","NEMO","CSF-1",-0.293763397654844
"1904","VEGFD","CSF-1",-0.31432611371572
"1905","TNF","CSF-1",-0.213447773706911
"1906","FABP2","CSF-1",-0.287411678407436
"1907","CD8A","CSF-1",-0.322459005599799
"1908","PARP-1","CSF-1",-0.247399149248756
"1909","PD-L1","CSF-1",-0.245460051919488
"1910","HSP 27","CSF-1",-0.374690366532818
"1911","FGF-19","CSF-1",-0.24307927165702
"1912","AXIN1","CSF-1",-0.187134401608875
"1913","CCL19","CSF-1",-0.216816152517904
"1914","CD59","CSF-1",-0.218302155443188
"1915","IL7R","CSF-1",-0.199276221860419
"1916","LILRB1","CSF-1",-0.252337072740385
"1917","CDH1","CSF-1",-0.275739747959921
"1918","DPP4","CSF-1",-0.284711756008844
"1919","GP1BA","CSF-1",-0.328690212236786
"1920","CFHR5","CSF-1",-0.265203121227229
"1921","GNLY","CSF-1",-0.259474477947878
"1922","COMP","CSF-1",-0.370264634826012
"1923","PCOLCE","CSF-1",-0.22463421941986
"1924","TIE1","CSF-1",-0.378239992627438
"1925","LYVE1","CSF-1",-0.275719671908425
"1926","FCGR2A","CSF-1",-0.377154950104021
"1927","TIMD4","CSF-1",-0.202537807654233
"1928","CCL28","CXCL1",-0.265612548686922
"1929","TNF","CXCL1",0.42524654827405
"1930","FABP2","CXCL1",-0.268517304319883
"1931","CASP-8","CXCL1",-0.196675626611789
"1932","FGF-19","CXCL1",-0.197016028876269
"1933","AXIN1","CXCL1",0.455173569008857
"1934","CCL19","CXCL1",-0.267021812681922
"1935","ADA","CXCL1",-0.203489876599628
"1936","IL-18R1","CXCL1",-0.247507837812709
"1937","PRSS2","CXCL1",-0.193589951840778
"1938","F11","CXCL1",-0.182685624821623
"1939","CDH1","CXCL1",0.43493958662142
"1940","PLXNB2","CXCL1",-0.249421674864798
"1941","NRP1","CXCL1",-0.470251755555503
"1942","ENG","CXCL1",-0.421164482106237
"1943","DPP4","CXCL1",-0.29382089369267
"1944","TIMP1","CXCL1",-0.209483724759883
"1945","GP1BA","CXCL1",-0.199571292085405
"1946","CR2","CXCL1",-0.187410756547111
"1947","IGFBP6","CXCL1",0.438451509722124
"1948","SELL","CXCL1",-0.196374398745764
"1949","MET","CXCL1",-0.380438145960995
"1950","LYVE1","CXCL1",-0.377025217691093
"1951","TIMD4","CXCL1",-0.195904093048766
"1952","NEMO","CCL28",-0.333037773804727
"1953","TNF","CCL28",-0.276505231550704
"1954","uPA","CCL28",-0.19957436847799
"1955","PD-L1","CCL28",-0.192283316678109
"1956","AXIN1","CCL28",-0.559419797916327
"1957","LAP TGF-beta-1","CCL28",-0.339127845775107
"1958","CD59","CCL28",-0.269478067232894
"1959","PROC","CCL28",-0.190061107250752
"1960","IL7R","CCL28",-0.301743512033138
"1961","ICAM3","CCL28",-0.405173510300629
"1962","CDH1","CCL28",-0.220142447196191
"1963","NRP1","CCL28",0.497237826492785
"1964","SAA4","CCL28",-0.25844391235283
"1965","GNLY","CCL28",-0.408332985900668
"1966","IGFBP6","CCL28",-0.506967299422061
"1967","MET","CCL28",0.565843639916663
"1968","TNC","CCL28",-0.31801780759429
"1969","CD5","TGM2",-0.244692882172801
"1970","SCF","TGM2",-0.21462236037058
"1971","VEGFD","TGM2",-0.332411430304884
"1972","FABP2","TGM2",-0.336572450958899
"1973","CD8A","TGM2",-0.185345171501016
"1974","HSP 27","TGM2",-0.214703461162866
"1975","CCL20","TGM2",-0.281866869570424
"1976","FGF-19","TGM2",-0.423087087034418
"1977","CCL19","TGM2",-0.373462093042698
"1978","ADA","TGM2",-0.229551696727528
"1979","IL-18R1","TGM2",-0.255924653577864
"1980","ANG","TGM2",-0.301276745351795
"1981","PRSS2","TGM2",-0.417810140355057
"1982","LILRB1","TGM2",-0.385996666737096
"1983","ENG","TGM2",-0.20545753498755
"1984","DPP4","TGM2",-0.223962517693893
"1985","CFHR5","TGM2",-0.355314594295446
"1986","SELL","TGM2",-0.234060086463084
"1987","MET","TGM2",-0.252130294450804
"1988","PCOLCE","TGM2",-0.292422415970894
"1989","TIE1","TGM2",-0.192364426071985
"1990","LYVE1","TGM2",-0.223378019518088
"1991","FCGR2A","TGM2",-0.224742013870957
"1992","VEGFD","CD5",0.482050621629377
"1993","uPA","CD5",-0.214393125576635
"1994","FGF-19","CD5",0.464373843092585
"1995","CTSL1","CD5",-0.186560485836839
"1996","ENG","CD5",0.484509369163025
"1997","IGFBP6","CD5",-0.219131267778621
"1998","PCOLCE","CD5",0.629960141248469
"1999","LYVE1","CD5",0.606332176018295
"2000","FCGR2A","CD5",0.459262986180296
"2001","TIMD4","CD5",0.456032822895357
"2002","PD-L2","CCL23",0.443121766926978
"2003","NEMO","CCL23",0.551404008699085
"2004","PARP-1","CCL23",0.519733446601013
"2005","HSP 27","CCL23",0.620599203371261
"2006","F11","CCL23",-0.241803387570423
"2007","NRP1","CCL23",-0.208922365871373
"2008","SELL","CCL23",-0.36152380413089
"2009","MET","CCL23",-0.238983172924229
"2010","CST3","CCL23",0.436856878415585
"2011","CXCL9","PD-L2",0.598946511455144
"2012","NEMO","PD-L2",0.518077857734375
"2013","CCL11","PD-L2",0.430899178219321
"2014","TNFSF14","PD-L2",-0.2044048797105
"2015","AXIN1","PD-L2",0.536145271266495
"2016","NRP1","PD-L2",-0.259295541721592
"2017","SELL","PD-L2",-0.271860697389122
"2018","AXIN1","FGF-21",-0.265081744181341
"2019","IGFBP6","FGF-21",-0.227962284551365
"2020","CASP-8","CXCL9",-0.183980246328619
"2021","TNFSF14","CXCL9",-0.232891308538205
"2022","AXIN1","CXCL9",0.456274533999483
"2023","PRSS2","CXCL9",-0.197540435393981
"2024","SAA4","CXCL9",0.438738954830848
"2025","CR2","CXCL9",-0.268381207511548
"2026","SELL","CXCL9",-0.28809103302076
"2027","NEMO","SCF",0.434345174273423
"2028","VEGFD","SCF",0.550242151504315
"2029","TNF","SCF",0.449011248103733
"2030","HSP 27","SCF",0.55880061696909
"2031","F11","SCF",-0.206046009180378
"2032","CFHR5","SCF",0.465757168894986
"2033","SELL","SCF",-0.245366637236182
"2034","PCOLCE","SCF",0.447135143154943
"2035","TIE1","SCF",0.497616631809821
"2036","FCGR2A","SCF",0.454962709912421
"2037","PD-L1","NEMO",0.470206159906377
"2038","HSP 27","NEMO",0.429326824965037
"2039","AXIN1","NEMO",0.488763061833426
"2040","CD59","NEMO",0.428519979930077
"2041","IL7R","NEMO",0.440954240152335
"2042","NRP1","NEMO",-0.340235270474917
"2043","CR2","NEMO",-0.218384620358751
"2044","SELL","NEMO",-0.314538737508337
"2045","MET","NEMO",-0.324050286797278
"2046","COMP","NEMO",0.485368860255286
"2047","TIE1","NEMO",0.50047953684797
"2048","FCGR2A","NEMO",0.558603447365957
"2049","CST3","NEMO",0.506537594991171
"2050","uPA","VEGFD",-0.388214834081472
"2051","CD8A","VEGFD",0.53245060322951
"2052","PARP-1","VEGFD",0.482907961199926
"2053","HSP 27","VEGFD",0.463668073428336
"2054","FGF-19","VEGFD",0.495119069035351
"2055","CFHR5","VEGFD",0.632948329311187
"2056","TCN2","VEGFD",-0.266402557039145
"2057","IGFBP6","VEGFD",-0.211363440769674
"2058","PCOLCE","VEGFD",0.535234068516223
"2059","TIE1","VEGFD",0.436641429386686
"2060","LYVE1","VEGFD",0.467083583831121
"2061","FCGR2A","VEGFD",0.516902875482935
"2062","ANGPTL3","CCL11",-0.187022139060865
"2063","CA1","CCL11",-0.286388998740738
"2064","CD8A","TNF",0.470482332214659
"2065","AGRP","TNF",-0.244288269697893
"2066","CXCL11","TNF",-0.207452273408915
"2067","TGF-alpha","TNF",-0.245209067380278
"2068","AXIN1","TNF",0.489344890800617
"2069","IL7R","TNF",0.462033411748762
"2070","CDH1","TNF",0.488891476632993
"2071","CNDP1","TNF",-0.217219464140087
"2072","NRP1","TNF",-0.3428725386026
"2073","SERPINA7","TNF",-0.190119056660316
"2074","SAA4","TNF",0.552947439873968
"2075","VCAM1","TNF",-0.238642290431623
"2076","GNLY","TNF",0.433283168642611
"2077","PCOLCE","TNF",0.430835735576427
"2078","TIE1","TNF",0.444561343324701
"2079","FCGR2A","TNF",0.470122259935624
"2080","CCL20","FABP2",0.441918695999552
"2081","ST6GAL1","FABP2",0.517571891703336
"2082","PLXNB2","FABP2",0.485246243658787
"2083","SAA4","FABP2",-0.185163918213508
"2084","IGFBP6","FABP2",-0.315113233608744
"2085","TNC","FABP2",-0.182529492904796
"2086","IGFBP3","FABP2",-0.211615368501144
"2087","CD8A","uPA",-0.201526907378223
"2088","FGF-19","uPA",-0.278403627168424
"2089","CCL19","uPA",-0.300292786084396
"2090","DPP4","uPA",-0.281574698745355
"2091","MET","uPA",-0.380343464774191
"2092","QPCT","uPA",-0.19369760654293
"2093","PARP-1","CD8A",0.552069894254052
"2094","PD-L1","CD8A",0.480353539263806
"2095","HSP 27","CD8A",0.441736789062932
"2096","FGF-19","CD8A",0.521090044034273
"2097","CCL19","CD8A",0.566727970740717
"2098","GP1BA","CD8A",0.606770390533028
"2099","CFHR5","CD8A",0.563501664305754
"2100","COMP","CD8A",0.56119306992881
"2101","PCOLCE","CD8A",0.598346700709832
"2102","TIE1","CD8A",0.502861577643774
"2103","LYVE1","CD8A",0.531224966546603
"2104","FCGR2A","CD8A",0.705705328090939
"2105","TIMD4","CD8A",0.492238209014097
"2106","HSP 27","PARP-1",0.70093448825097
"2107","FGF-19","PARP-1",0.453242314448055
"2108","GP1BA","PARP-1",0.450079553758805
"2109","CFHR5","PARP-1",0.569908883200737
"2110","GNLY","PARP-1",0.450830012991751
"2111","PCOLCE","PARP-1",0.499329999657108
"2112","TIE1","PARP-1",0.469195333025133
"2113","FCGR2A","PARP-1",0.495789764737795
"2114","IL-18R1","CASP-8",0.47604471939714
"2115","OPG","TNFSF14",0.436655029083439
"2116","AGRP","TNFSF14",0.433436592144185
"2117","CXCL11","TNFSF14",0.712328287704029
"2118","AXIN1","TNFSF14",-0.274745954085784
"2119","CTSL1","TNFSF14",0.580722202942478
"2120","ADA","TNFSF14",0.644663795971568
"2121","CA3","TNFSF14",0.823104804658069
"2122","CNDP1","TNFSF14",0.457411362417511
"2123","SERPINA7","TNFSF14",0.530645353744556
"2124","VCAM1","TNFSF14",0.860859430738575
"2125","FCGR3B","TNFSF14",0.572914108441789
"2126","PTPRS","TNFSF14",0.460752879420438
"2127","CCL14","TNFSF14",0.519338810606894
"2128","CA3","OPG",0.491821716152055
"2129","PAM","LIF-R",0.515441191581906
"2130","SAA4","LIF-R",0.490812256924687
"2131","GP1BA","LIF-R",0.472561333490162
"2132","EFEMP1","LIF-R",0.627711942308884
"2133","TNC","LIF-R",0.44339153252832
"2134","PCOLCE","LIF-R",0.463195658778709
"2135","LYVE1","LIF-R",0.46109880704833
"2136","FCGR2A","LIF-R",0.491677048980193
"2137","TIMD4","LIF-R",0.448181165796075
"2138","CTSL1","AGRP",0.448941120598175
"2139","CA3","AGRP",0.435914936982892
"2140","FETUB","AGRP",-0.191669624892457
"2141","VCAM1","AGRP",0.478379872766862
"2142","CD46","AGRP",-0.216145414028246
"2143","GNLY","AGRP",-0.228955054456593
"2144","CD59","PD-L1",0.475004486220432
"2145","IL7R","PD-L1",0.448874482552533
"2146","FCGR2A","PD-L1",0.445275946692704
"2147","THBS4","HSP 27",0.5052893623583
"2148","TIMP1","HSP 27",0.480948413824535
"2149","GP1BA","HSP 27",0.457858916414384
"2150","CFHR5","HSP 27",0.571309212450728
"2151","TIE1","HSP 27",0.609808338178806
"2152","FCGR2A","HSP 27",0.532951554923748
"2153","CST3","HSP 27",0.494775017945511
"2154","CCL20","CXCL11",0.581843752733788
"2155","AXIN1","CXCL11",-0.269146909677076
"2156","CTSL1","CXCL11",0.528241329892223
"2157","ADA","CXCL11",0.586505564974761
"2158","CD59","CXCL11",-0.196518760728249
"2159","MEGF9","CXCL11",0.453375606717383
"2160","CA3","CXCL11",0.723020351655834
"2161","ICAM3","CXCL11",-0.266731953759976
"2162","CNDP1","CXCL11",0.743997229688429
"2163","SERPINA7","CXCL11",0.806263215049162
"2164","NID1","CXCL11",0.466174558238821
"2165","VCAM1","CXCL11",0.665037095442304
"2166","IGFBP6","CXCL11",-0.262291883892431
"2167","FCGR3B","CXCL11",0.606302849442377
"2168","PTPRS","CXCL11",0.674025235188727
"2169","CCL14","CXCL11",0.758868192310769
"2170","TNC","CXCL11",-0.255684567555384
"2171","CTSL1","CCL20",0.463085519858348
"2172","CA3","CCL20",0.535948778599928
"2173","CNDP1","CCL20",0.546125657266235
"2174","SERPINA7","CCL20",0.617543466000505
"2175","NID1","CCL20",0.486769316697393
"2176","VCAM1","CCL20",0.440534101290847
"2177","IGFBP6","CCL20",-0.19775312264356
"2178","FCGR3B","CCL20",0.679113024791218
"2179","PTPRS","CCL20",0.504732491779968
"2180","CCL14","CCL20",0.56478021557622
"2181","CCL19","FGF-19",0.45380829197127
"2182","PRSS2","FGF-19",0.479370110738715
"2183","LILRB1","FGF-19",0.498952675081001
"2184","FCN2","FGF-19",0.510535177532545
"2185","GP1BA","FGF-19",0.464518875903568
"2186","CFHR5","FGF-19",0.477488518275573
"2187","PCOLCE","FGF-19",0.60152465104126
"2188","TIE1","FGF-19",0.435434991569676
"2189","LYVE1","FGF-19",0.51980259720805
"2190","FCGR2A","FGF-19",0.528981076889351
"2191","ICAM1","FGF-19",-0.188834733241451
"2192","TIMD4","FGF-19",0.436652175648641
"2193","AXIN1","TGF-alpha",-0.264409337057617
"2194","CD59","TGF-alpha",-0.20374322160081
"2195","ICAM3","TGF-alpha",-0.260678581165886
"2196","SAA4","TGF-alpha",-0.192402854930227
"2197","GNLY","TGF-alpha",-0.321329687616193
"2198","IGFBP6","TGF-alpha",-0.232398718688253
"2199","TNC","TGF-alpha",-0.24429200423664
"2200","IGFBP3","TGF-alpha",-0.258891545416592
"2201","FCGR2A","TGF-alpha",-0.191456135755778
"2202","ADA","AXIN1",-0.28154163085947
"2203","IL-18R1","AXIN1",-0.244746986075533
"2204","CD59","AXIN1",0.44583987083183
"2205","PRSS2","AXIN1",-0.305910183467674
"2206","CA3","AXIN1",-0.193872419924316
"2207","REG1A","AXIN1",0.435808180076337
"2208","IL7R","AXIN1",0.526163797679766
"2209","ICAM3","AXIN1",0.458516509544009
"2210","CDH1","AXIN1",0.479697258057886
"2211","NRP1","AXIN1",-0.462077588028348
"2212","ENG","AXIN1",-0.282731839739776
"2213","SERPINA7","AXIN1",-0.293017140072221
"2214","SAA4","AXIN1",0.457800372911051
"2215","CR2","AXIN1",-0.257072388162353
"2216","IGFBP6","AXIN1",0.546791526219485
"2217","SELL","AXIN1",-0.394969094288569
"2218","MET","AXIN1",-0.439502383843462
"2219","CCL14","AXIN1",-0.28479419450135
"2220","TNC","AXIN1",0.430352822950748
"2221","CA3","CTSL1",0.605984756090237
"2222","CNDP1","CTSL1",0.526439582535797
"2223","SERPINA7","CTSL1",0.567892687511612
"2224","VCAM1","CTSL1",0.571089733701561
"2225","TCN2","CTSL1",0.449393860991693
"2226","MET","CTSL1",-0.200862259546896
"2227","FCGR3B","CTSL1",0.560032649276028
"2228","PTPRS","CTSL1",0.511346084697776
"2229","CCL14","CTSL1",0.53418766471196
"2230","ENG","CCL19",0.465512374439787
"2231","GP1BA","CCL19",0.617905740062583
"2232","CFHR5","CCL19",0.564610134481332
"2233","PCOLCE","CCL19",0.553782206776404
"2234","TIE1","CCL19",0.507162674233806
"2235","LYVE1","CCL19",0.518368234849694
"2236","FCGR2A","CCL19",0.559554312212978
"2237","TIMD4","CCL19",0.552909211028222
"2238","CA3","ADA",0.642365389752866
"2239","SERPINA7","ADA",0.450121196575121
"2240","NID1","ADA",0.505247566261391
"2241","VCAM1","ADA",0.530521740107678
"2242","FCGR3B","ADA",0.577282463241526
"2243","CCL14","ADA",0.428350459239215
"2244","PRSS2","IL-18R1",0.486027579760809
"2245","NOTCH1","IL-18R1",-0.249459278698348
"2246","GNLY","IL-18R1",-0.23366026480999
"2247","SELL","IL-18R1",0.447175382511649
"2248","LYVE1","IL-18R1",0.460875809930668
"2249","F11","LAP TGF-beta-1",-0.197457748143664
"2250","MET","LAP TGF-beta-1",-0.388501586598759
"2251","ICAM1","LAP TGF-beta-1",-0.23459148661094
"2252","FCGR2A","ANG",0.490666782813423
"2253","IL7R","CD59",0.477985603868046
"2254","CDH1","CD59",0.431753300327182
"2255","CNDP1","CD59",-0.193928055673981
"2256","IGFBP6","CD59",0.478405261789403
"2257","MET","CD59",-0.220102055905232
"2258","TNC","CD59",0.444650839332966
"2259","FCGR2A","CD59",0.528182631374057
"2260","EFEMP1","PAM",0.447142547090871
"2261","NRP1","PROC",-0.26061538531175
"2262","SELL","PROC",-0.22527948326479
"2263","CNDP1","MEGF9",0.431335119679714
"2264","SERPINA7","MEGF9",0.509604294295485
"2265","SPARCL1","MEGF9",0.485769408896132
"2266","CA1","MEGF9",-0.285673808451727
"2267","FCGR3B","MEGF9",0.43405925029182
"2268","CCL14","MEGF9",0.439025226435461
"2269","MBL2","MEGF9",0.42785119509816
"2270","NID1","PRSS2",0.495692000580088
"2271","CR2","PRSS2",0.425256255139112
"2272","PCOLCE","PRSS2",0.455426598561036
"2273","IGFBP6","ST6GAL1",-0.206364859188913
"2274","CA1","ST6GAL1",-0.356498960897815
"2275","CNDP1","CA3",0.447044299824943
"2276","SERPINA7","CA3",0.542667669711597
"2277","VCAM1","CA3",0.771738964474043
"2278","TCN2","CA3",0.483634895525973
"2279","FCGR3B","CA3",0.638550211326326
"2280","PTPRS","CA3",0.456734469750556
"2281","CCL14","CA3",0.508727627873089
"2282","CDH1","IL7R",0.475694062125507
"2283","NRP1","IL7R",-0.245925751769282
"2284","THBS4","IL7R",0.434474398105184
"2285","SAA4","IL7R",0.463666230709628
"2286","EFEMP1","IL7R",0.443942735834408
"2287","MET","IL7R",-0.31313578575144
"2288","TNC","IL7R",0.456041113566101
"2289","IGFBP3","IL7R",0.428908338759046
"2290","SERPINA7","CHL1",0.43532906640276
"2291","PTPRS","CHL1",0.640248224454205
"2292","CCL14","CHL1",0.486232347171173
"2293","ICAM3","F11",-0.263028323830215
"2294","CDH1","F11",-0.245814090952097
"2295","IGFBP6","F11",-0.300831014689303
"2296","CDH1","ICAM3",0.487819762231465
"2297","CNDP1","ICAM3",-0.190791356334526
"2298","NRP1","ICAM3",-0.247530380799287
"2299","DPP4","ICAM3",-0.273602847388776
"2300","SERPINA7","ICAM3",-0.210374959700967
"2301","IGFBP6","ICAM3",0.488828215676848
"2302","MET","ICAM3",-0.248508518552503
"2303","CFHR5","LILRB1",0.488982185792039
"2304","PCOLCE","LILRB1",0.547920010068506
"2305","NRP1","CDH1",-0.32137664432822
"2306","ENG","CDH1",-0.275137773698683
"2307","THBS4","CDH1",0.490539106754824
"2308","SELL","CDH1",-0.229559372642101
"2309","ICAM1","CDH1",-0.206305494884276
"2310","FETUB","NOTCH1",0.481742750354276
"2311","SERPINA7","CNDP1",0.910792833714527
"2312","NID1","CNDP1",0.526899793701678
"2313","VCAM1","CNDP1",0.479997428472408
"2314","FCGR3B","CNDP1",0.481896250936416
"2315","PTPRS","CNDP1",0.804628454575731
"2316","CCL14","CNDP1",0.826813506653286
"2317","TIMP1","PLXNB2",0.632143110391095
"2318","IGFBP6","PLXNB2",-0.22671992943607
"2319","LYVE1","PLXNB2",0.479185521106248
"2320","ENG","NRP1",0.709607218752745
"2321","SPARCL1","NRP1",-0.203772415200185
"2322","SAA4","NRP1",-0.29010038277934
"2323","GNLY","NRP1",-0.374954346192476
"2324","IGFBP6","NRP1",-0.424139309403369
"2325","MET","NRP1",0.467206564783577
"2326","IGFBP3","NRP1",-0.356085769682563
"2327","GNLY","ENG",-0.200575561886632
"2328","IGFBP6","ENG",-0.328979567914396
"2329","ANGPTL3","ENG",0.458944248226003
"2330","MET","ENG",0.471318633419995
"2331","PCOLCE","ENG",0.436589500251914
"2332","LYVE1","ENG",0.502620295328373
"2333","IGFBP3","ENG",-0.217547034633812
"2334","SERPINA5","FETUB",0.467823511869044
"2335","TCN2","DPP4",-0.186862618550545
"2336","GP1BA","TIMP1",0.431787799710562
"2337","LYVE1","TIMP1",0.532866642987798
"2338","TIMD4","TIMP1",0.449233893490208
"2339","NID1","SERPINA7",0.620530978893703
"2340","SAA4","SERPINA7",-0.201264240733457
"2341","VCAM1","SERPINA7",0.539409843050826
"2342","FCGR3B","SERPINA7",0.57642004919382
"2343","PTPRS","SERPINA7",0.857680148338224
"2344","CCL14","SERPINA7",0.914888608222525
"2345","TNC","SERPINA7",-0.194347698291212
"2346","GP1BA","NID1",0.513441680888489
"2347","CFHR5","NID1",0.471499738459629
"2348","FCGR3B","NID1",0.481347478607546
"2349","PTPRS","NID1",0.484380025117749
"2350","CCL14","NID1",0.577238231357639
"2351","PCOLCE","NID1",0.573272741373613
"2352","LYVE1","NID1",0.568485310275569
"2353","TIMD4","NID1",0.474540755765441
"2354","CA1","SPARCL1",-0.541927380295103
"2355","CR2","SAA4",-0.214149551496972
"2356","TNC","SAA4",0.430030330277733
"2357","CD46","VCAM1",-0.360620287976664
"2358","GNLY","VCAM1",-0.197039672063469
"2359","FCGR3B","VCAM1",0.44589365320335
"2360","PTPRS","VCAM1",0.533425233105805
"2361","CCL14","VCAM1",0.526870154058187
"2362","CFHR5","GP1BA",0.487011791304413
"2363","EFEMP1","GP1BA",0.451514873504727
"2364","COMP","GP1BA",0.500455474654418
"2365","PCOLCE","GP1BA",0.607585200941118
"2366","TIE1","GP1BA",0.517927552161533
"2367","LYVE1","GP1BA",0.714192601326272
"2368","FCGR2A","GP1BA",0.697554494971375
"2369","TIMD4","GP1BA",0.648871070551502
"2370","CA1","CD46",-0.204256583477816
"2371","CST3","CD46",-0.187654661332448
"2372","PCOLCE","CFHR5",0.653968535529087
"2373","TIE1","CFHR5",0.473402907717378
"2374","LYVE1","CFHR5",0.534658919561009
"2375","FCGR2A","CFHR5",0.545935797022416
"2376","ANGPTL3","TCN2",-0.213681034085697
"2377","MET","TCN2",-0.183168616799863
"2378","TNC","EFEMP1",0.500996903931319
"2379","PCOLCE","EFEMP1",0.473456338125673
"2380","LYVE1","EFEMP1",0.507964082263607
"2381","FCGR2A","EFEMP1",0.503841442163552
"2382","TIMD4","EFEMP1",0.454263293011831
"2383","SELL","GNLY",-0.206074532147334
"2384","MET","IGFBP6",-0.566639187980098
"2385","SERPINA5","IGFBP6",-0.249791084688355
"2386","IGFBP3","SELL",-0.197538236428919
"2387","CST3","SELL",-0.288956389675852
"2388","TNC","MET",-0.183159744387426
"2389","IGFBP3","MET",-0.456648981209066
"2390","CST3","MET",-0.257252500197942
"2391","PTPRS","FCGR3B",0.445040634213497
"2392","CCL14","FCGR3B",0.566311562162746
"2393","PCOLCE","FCGR3B",0.425026840138601
"2394","PCOLCE","COMP",0.43375775022484
"2395","TIE1","COMP",0.433181147671156
"2396","LYVE1","COMP",0.478486846247177
"2397","FCGR2A","COMP",0.532280910887948
"2398","CCL14","PTPRS",0.872445509645682
"2399","TNC","CCL14",-0.194895156498242
"2400","FCGR2A","TNC",0.459728095599638
"2401","LYVE1","PCOLCE",0.768376476934788
"2402","FCGR2A","PCOLCE",0.579120102815258
"2403","TIMD4","PCOLCE",0.487166925968246
"2404","FCGR2A","TIE1",0.665096709974025
"2405","TIMD4","TIE1",0.452904738549647
"2406","FCGR2A","LYVE1",0.6452667755083
"2407","TIMD4","LYVE1",0.602855147143509
"2408","CST3","IGFBP3",0.442648798485508
"2409","TIMD4","FCGR2A",0.571133098763315
"2410","CST3","FCGR2A",0.488616884235613
